/*
 * + FILE [ps_mappings.sql]
 */
insert into ps_mappings (mhash, lident, rident, ord) values ('1628e4831845b9641d1b03e25554b12b', 'famous', 'timeline', 1);
insert into ps_mappings (mhash, lident, rident, ord) values ('40d78cb5d0360ef3c57e8ec23c98dcd3', 'news', 'post-is', 1);
insert into ps_mappings (mhash, lident, rident, ord) values ('40d78cb5d0360ef3c57e8ec23c98dcd3', 'news', 'rubric-bp', 2);
insert into ps_mappings (mhash, lident, rident, ord) values ('40d78cb5d0360ef3c57e8ec23c98dcd3', 'news', 'post-bp', 3);
insert into ps_mappings (mhash, lident, rident, ord) values ('40d78cb5d0360ef3c57e8ec23c98dcd3', 'news', 'rubric-tr', 4);
insert into ps_mappings (mhash, lident, rident, ord) values ('40d78cb5d0360ef3c57e8ec23c98dcd3', 'news', 'post-tr', 5);
insert into ps_mappings (mhash, lident, rident, ord) values ('eb1f36eaa88868e7dbc455e93ced63b0', 'blog_post_comments', 'posts', 1);
insert into ps_mappings (mhash, lident, rident, ord) values ('eb1f36eaa88868e7dbc455e93ced63b0', 'blog_post_comments', 'popups', 2);
insert into ps_mappings (mhash, lident, rident, ord) values ('40d78cb5d0360ef3c57e8ec23c98dcd3', 'posts', 'post-is', 1);
insert into ps_mappings (mhash, lident, rident, ord) values ('40d78cb5d0360ef3c57e8ec23c98dcd3', 'posts', 'rubric-bp', 2);
insert into ps_mappings (mhash, lident, rident, ord) values ('40d78cb5d0360ef3c57e8ec23c98dcd3', 'posts', 'post-bp', 3);
insert into ps_mappings (mhash, lident, rident, ord) values ('40d78cb5d0360ef3c57e8ec23c98dcd3', 'posts', 'rubric-tr', 4);
insert into ps_mappings (mhash, lident, rident, ord) values ('40d78cb5d0360ef3c57e8ec23c98dcd3', 'posts', 'post-tr', 5);
insert into ps_mappings (mhash, lident, rident, ord) values ('40d78cb5d0360ef3c57e8ec23c98dcd3', 'popups', 'post-is', 1);
insert into ps_mappings (mhash, lident, rident, ord) values ('40d78cb5d0360ef3c57e8ec23c98dcd3', 'popups', 'rubric-bp', 2);
insert into ps_mappings (mhash, lident, rident, ord) values ('40d78cb5d0360ef3c57e8ec23c98dcd3', 'popups', 'post-bp', 3);
insert into ps_mappings (mhash, lident, rident, ord) values ('40d78cb5d0360ef3c57e8ec23c98dcd3', 'popups', 'rubric-tr', 4);
insert into ps_mappings (mhash, lident, rident, ord) values ('40d78cb5d0360ef3c57e8ec23c98dcd3', 'popups', 'post-tr', 5);
insert into ps_mappings (mhash, lident, rident, ord) values ('40d78cb5d0360ef3c57e8ec23c98dcd3', 'popups', 'pl', 6);
insert into ps_mappings (mhash, lident, rident, ord) values ('40d78cb5d0360ef3c57e8ec23c98dcd3', 'popups', 'pp', 7);
insert into ps_mappings (mhash, lident, rident, ord) values ('402a0ad60aa2034ba74efab8aeb3366e', 'timelines', 'ps_lib_item', 1);
insert into ps_mappings (mhash, lident, rident, ord) values ('402a0ad60aa2034ba74efab8aeb3366e', 'timelines', 'v_ps_lib_item', 2);
insert into ps_mappings (mhash, lident, rident, ord) values ('402a0ad60aa2034ba74efab8aeb3366e', 'timelines', 'ps_timeline', 3);
insert into ps_mappings (mhash, lident, rident, ord) values ('402a0ad60aa2034ba74efab8aeb3366e', 'timelines', 'ps_timeline_item', 4);
insert into ps_mappings (mhash, lident, rident, ord) values ('402a0ad60aa2034ba74efab8aeb3366e', 'gallery', 'ps_gallery', 1);
insert into ps_mappings (mhash, lident, rident, ord) values ('402a0ad60aa2034ba74efab8aeb3366e', 'gallery', 'ps_gallery_images', 2);

/*
 * + FILE [ps_lib_item.sql]
 */
insert into ps_lib_item (ident, grup, name, content, dt_start, dt_stop, b_show) values ('pushkin', 'p', 'Александр Сергеевич Пушкин', 'content', '26-05-1799', '29-01-1837', 1);
insert into ps_lib_item (ident, grup, name, content, dt_start, dt_stop, b_show) values ('esenin', 'p', 'Сергей Александрович Есенин', 'content', '21-09-1895', '28-12-1925', 1);
insert into ps_lib_item (ident, grup, name, content, dt_start, dt_stop, b_show) values ('ahmatova', 'p', 'Анна Андреевна Ахматова', 'content', '11-06-1889', '05-03-1966', 1);
insert into ps_lib_item (ident, grup, name, content, dt_start, dt_stop, b_show) values ('pasternak', 'p', 'Борис Леонидович Пастернак', '<p>Будущий поэт родился в Москве в творческой еврейской семье.</p>\n<p>Родители Пастернака, отец — художник, академик Петербургской Академии художеств Леонид Осипович (Исаак Иосифович) Пастернак и мать — пианистка Розалия Исидоровна Пастернак (урождённая Кауфман, 1868—1939), переехали в Москву из Одессы в 1889 году, за год до его рождения.</p>\n<p>Борис появился на свет в доме на пересечении Оружейного переулка и Второй Тверской-Ямской улицы, где они поселились. Кроме старшего, Бориса, в семье Пастернак родились Александр (1893—1982), Жозефина (1900—1993) и Лидия (1902—1989). В некоторых официальных документах ещё начала 1900-х годов Б. Л. Пастернак фигурировал как «Борис Исаакович (он же Леонидович)»</p>', '29-01-1890', '30-05-1960', 1);
insert into ps_lib_item (ident, grup, name, content, dt_start, dt_stop, b_show) values ('gogol', 'p', 'Николай Васильевич Гоголь', null, '20-03-1809', '21-02-1852', 1);
insert into ps_lib_item (ident, grup, name, content, dt_start, dt_stop, b_show) values ('griboedov', 'p', 'Александр Сергеевич Грибоедов', null, '04-01-1795', '30-01-1829', 1);
insert into ps_lib_item (ident, grup, name, content, dt_start, dt_stop, b_show) values ('krylov', 'p', 'Иван Андреевич Крылов', null, '02-02-1769', '09-11-1844', 1);
insert into ps_lib_item (ident, grup, name, content, dt_start, dt_stop, b_show) values ('lermontov', 'p', 'Михаил Юрьевич Лермонтов', null, '03-10-1814', '15-07-1841', 1);
insert into ps_lib_item (ident, grup, name, content, dt_start, dt_stop, b_show) values ('nekrasov', 'p', 'Николай Алексеевич Некрасов', null, '28-11-1821', '27-12-1877', 1);
insert into ps_lib_item (ident, grup, name, content, dt_start, dt_stop, b_show) values ('turgenev', 'p', 'Иван Сергеевич Тургенев', null, '28-10-1818', '22-08-1883', 1);
insert into ps_lib_item (ident, grup, name, content, dt_start, dt_stop, b_show) values ('tutchev', 'p', 'Фёдор Иванович Тютчев', null, '23-11-1803', '15-07-1873', 1);
insert into ps_lib_item (ident, grup, name, content, dt_start, dt_stop, b_show) values ('fet', 'p', 'Афанасий Афанасьевич Фет', 'Великий русский поэт', '05-12-1820', '03-12-1892', 1);
insert into ps_lib_item (ident, grup, name, content, dt_start, dt_stop, b_show) values ('cvetaeva', 'p', 'Марина Ивановна Цветаева', null, '26-09-1892', '31-08-1941', 1);
insert into ps_lib_item (ident, grup, name, content, dt_start, dt_stop, b_show) values ('mandelshtam', 'p', 'Осип Эмильевич Мандельштам', null, '03-01-1891', '27-12-1938', 1);
insert into ps_lib_item (ident, grup, name, content, dt_start, dt_stop, b_show) values ('pifagor', 's', 'Пифагор', '<p>\nПифагор Самосский (др.-греч. Πυθαγόρας ὁ Σάμιος, лат. Pythagoras; 570—490 гг. до н. э.) — древнегреческий философ, математик и мистик, создатель религиозно-философской школы пифагорейцев.\n</p>\n\n<p>\nИсторию жизни Пифагора трудно отделить от легенд, представляющих его в качестве совершенного мудреца и великого посвящённого во все таинства греков и варваров. Ещё Геродот называл его «величайшим эллинским мудрецом»[1].\n</p>\n\n<p>\nОсновными источниками по жизни и учению Пифагора являются сочинения философа-неоплатоника Ямвлиха (242—306 гг.) «О Пифагоровой жизни»; Порфирия (234—305 гг.) «Жизнь Пифагора»; Диогена Лаэртского (200—250 гг.) кн. 8, «Пифагор». Эти авторы опирались на сочинения более ранних авторов, из которых следует отметить ученика Аристотеля Аристоксена (370—300 гг. до н. э.) родом из Тарента, где сильны были позиции пифагорейцев.\n</p>', '570 BC', '490 BC', 1);
insert into ps_lib_item (ident, grup, name, content, dt_start, dt_stop, b_show) values ('KarlHeisenberg', 's', 'Вернер Карл Гейзенберг', '<p>Эйнштейн, великий человек!</p>', '1901-12-05', '1976-02-01', 1);
insert into ps_lib_item (ident, grup, name, content, dt_start, dt_stop, b_show) values ('BP_FM2_einstein', 's', 'Альберт Эйнштейн', '<p>Эйнштейн, великий человек!</p>', '1879-03-14', '1955-04-18', 1);
insert into ps_lib_item (ident, grup, name, content, dt_start, dt_stop, b_show) values ('euclide', 's', 'Евклид', null, '365 BC', '300 BC', 1);
insert into ps_lib_item (ident, grup, name, content, dt_start, dt_stop, b_show) values ('arhimed', 's', 'Архимед', null, '287 BC', '212 BC', 1);
insert into ps_lib_item (ident, grup, name, content, dt_start, dt_stop, b_show) values ('GalileoGalilei', 's', 'Галилео Галилей', '<p>Макс Карл Эрнст Людвиг Планк</p>', '1564-02-15', '1642-01-08', 1);
insert into ps_lib_item (ident, grup, name, content, dt_start, dt_stop, b_show) values ('MaxPlanck', 's', 'Макс Карл Эрнст Людвиг Планк', '<p>Макс Карл Эрнст Людвиг Планк</p>', '1858-04-23', '1947-10-04', 1);
insert into ps_lib_item (ident, grup, name, content, dt_start, dt_stop, b_show) values ('PetrKapica', 's', 'Пётр Леонидович Капица', '<p>Капица, великий человек!</p>', '1894-07-08', '1984-04-08', 1);
insert into ps_lib_item (ident, grup, name, content, dt_start, dt_stop, b_show) values ('MarieCurie', 's', 'Мария Склодовская-Кюри', '<p>Мария Кюри, великий человек!</p>', '1867-11-07', '1934-05-04', 1);
insert into ps_lib_item (ident, grup, name, content, dt_start, dt_stop, b_show) values ('BP_FM1_feynman', 's', 'Ричард Филлипс Фейнман', 'Выдающийся американский учёный. Основные достижения относятся к области теоретической физики. Один из создателей квантовой электродинамики. В 1943—1945 годах входил в число разработчиков атомной бомбы в Лос-Аламосе. Разработал метод интегрирования по траекториям в квантовой механике (1948), а также т. н. метод диаграмм Фейнмана (1949) в квантовой теории поля, с помощью которых можно объяснять превращения элементарных частиц. Предложил партонную модель нуклона (1969), теорию квантованных вихрей. Реформатор методов преподавания физики в вузе.[1] Лауреат Нобелевской премии по физике (1965, совместно с С. Томонагой и Дж. Швингером).', '1918-05-11', '1988-02-15', 1);
insert into ps_lib_item (ident, grup, name, content, dt_start, dt_stop, b_show) values ('ErnstPauli', 's', 'Вольфганг Эрнст Паули', '<p>Эйнштейн, великий человек!</p>', '1900-04-25', '1958-12-15', 1);
insert into ps_lib_item (ident, grup, name, content, dt_start, dt_stop, b_show) values ('NielsBohr', 's', 'Нильс Хенрик Давид Бор', '<p>Эйнштейн, великий человек!</p>', '1885-10-07', '1962-11-18', 1);
insert into ps_lib_item (ident, grup, name, content, dt_start, dt_stop, b_show) values ('VanDerWaals', 's', 'Ян Дидерик Ван-дер-Ваальс', '<p>Макс Карл Эрнст Людвиг Планк</p>', '1837-11-23', '1923-03-08', 1);
insert into ps_lib_item (ident, grup, name, content, dt_start, dt_stop, b_show) values ('IsaacNewton', 's', 'Исаак Ньютон', '<p>\r\nАнглийский математик, астроном, физик, механик, заложивший основы классической механики, он объяснил движение небесных тел – планет вокруг Солнца и Луны вокруг Земли. Самым известным его открытием был закон всемирного тяготения.\r\n</p>', '1642-12-25', '1727-03-20', 1);

/*
 * + FILE [ps_timeline.sql]
 */
insert into ps_timeline (id_timeline, v_name) values (1, 'Хронология жизни великих людей');

/*
 * + FILE [ps_timeline_item.sql]
 */
insert into ps_timeline_item (id_timeline, v_title, content, date_start, date_end, id_master_inst, v_master_ident) values (1, 'Пифагор', null, '570 BC', '490 BC', null, 'pifagor');
insert into ps_timeline_item (id_timeline, v_title, content, date_start, date_end, id_master_inst, v_master_ident) values (1, 'Евклид', null, '365 BC', '300 BC', null, 'euclide');
insert into ps_timeline_item (id_timeline, v_title, content, date_start, date_end, id_master_inst, v_master_ident) values (1, 'Архимед', null, '287 BC', '212 BC', null, 'arhimed');
insert into ps_timeline_item (id_timeline, v_title, content, date_start, date_end, id_master_inst, v_master_ident) values (1, 'Пётр Леонидович Капица', '<p>Капица, великий человек!</p>', '1894-07-08', '1984-04-08', null, 'PetrKapica');
insert into ps_timeline_item (id_timeline, v_title, content, date_start, date_end, id_master_inst, v_master_ident) values (1, 'Мария Склодовская-Кюри', '<p>Мария Кюри, великий человек!</p>', '1867-11-07', '1934-05-04', null, 'MarieCurie');
insert into ps_timeline_item (id_timeline, v_title, content, date_start, date_end, id_master_inst, v_master_ident) values (1, 'Ричард Филлипс Фейнман', '<p>Фейнман, великий человек!</p>', '1918-05-11', '1988-02-15', null, 'BP_FM1_feynman');
insert into ps_timeline_item (id_timeline, v_title, content, date_start, date_end, id_master_inst, v_master_ident) values (1, 'Альберт Эйнштейн', '<p>Эйнштейн, великий человек!</p>', '1879-03-14', '1955-04-18', null, 'BP_FM2_einstein');
insert into ps_timeline_item (id_timeline, v_title, content, date_start, date_end, id_master_inst, v_master_ident) values (1, 'Вернер Карл Гейзенберг', '<p>Эйнштейн, великий человек!</p>', '1901-12-05', '1976-02-01', null, 'KarlHeisenberg');
insert into ps_timeline_item (id_timeline, v_title, content, date_start, date_end, id_master_inst, v_master_ident) values (1, 'Вольфганг Эрнст Паули', '<p>Эйнштейн, великий человек!</p>', '1900-04-25', '1958-12-15', null, 'ErnstPauli');
insert into ps_timeline_item (id_timeline, v_title, content, date_start, date_end, id_master_inst, v_master_ident) values (1, 'Нильс Хенрик Давид Бор', '<p>Эйнштейн, великий человек!</p>', '1885-10-07', '1962-11-18', null, 'NielsBohr');
insert into ps_timeline_item (id_timeline, v_title, content, date_start, date_end, id_master_inst, v_master_ident) values (1, 'Макс Карл Эрнст Людвиг Планк', '<p>Макс Карл Эрнст Людвиг Планк</p>', '1858-04-23', '1947-10-04', null, 'MaxPlanck');
insert into ps_timeline_item (id_timeline, v_title, content, date_start, date_end, id_master_inst, v_master_ident) values (1, 'Ян Дидерик Ван-дер-Ваальс', '<p>Макс Карл Эрнст Людвиг Планк</p>', '1837-11-23', '1923-03-08', null, 'VanDerWaals');
insert into ps_timeline_item (id_timeline, v_title, content, date_start, date_end, id_master_inst, v_master_ident) values (1, 'Галилео Галилей', '<p>Макс Карл Эрнст Людвиг Планк</p>', '1564-02-15', '1642-01-08', null, 'GalileoGalilei');
insert into ps_timeline_item (id_timeline, v_title, content, date_start, date_end, id_master_inst, v_master_ident) values (1, 'Исаак Ньютон', '<p>Английский математик, астроном, физик, механик, заложивший основы классической механики, он объяснил движение небесных тел – планет вокруг Солнца и Луны вокруг Земли. Самым известным его открытием был закон всемирного тяготения. </p>', '1642-12-25', '1727-03-20', null, 'IsaacNewton');

/*
 * + FILE [ps_gallery.sql]
 */
insert into ps_gallery (v_dir, v_name) values ('steinic', 'Вильгельм Стейниц');
insert into ps_gallery (v_dir, v_name) values ('bohrneils', 'Нильс Хенрик Давид Бор');
insert into ps_gallery (v_dir, v_name) values ('anand', 'Вишванатан Ананд');
insert into ps_gallery (v_dir, v_name) values ('kramnik', 'Владимир Борисович Крамник');
insert into ps_gallery (v_dir, v_name) values ('feynman', 'Ричард Филлипс Фейнман');
insert into ps_gallery (v_dir, v_name) values ('chess', 'Необычные шахматы');
insert into ps_gallery (v_dir, v_name) values ('capablanca', 'Хосе Рауль Капабланка');
insert into ps_gallery (v_dir, v_name) values ('alekhin', 'Александр Александрович Алехин');
insert into ps_gallery (v_dir, v_name) values ('lasker', 'Эмануэль Ласкер');
insert into ps_gallery (v_dir, v_name) values ('botvinnik', 'Михаил Моисеевич Ботвинник');
insert into ps_gallery (v_dir, v_name) values ('euwe', 'Макс Эйве');
insert into ps_gallery (v_dir, v_name) values ('fischer', 'Роберт Джеймс Фишер');
insert into ps_gallery (v_dir, v_name) values ('karpov', 'Анатолий Евгеньевич Карпов');
insert into ps_gallery (v_dir, v_name) values ('kasparov', 'Гарри Кимович Каспаров');
insert into ps_gallery (v_dir, v_name) values ('smyslov', 'Василий Васильевич Смыслов');
insert into ps_gallery (v_dir, v_name) values ('spasskiy', 'Борис Васильевич Спасский');
insert into ps_gallery (v_dir, v_name) values ('tal', 'Михаил Нехемьевич Таль');
insert into ps_gallery (v_dir, v_name) values ('petrosyan', 'Тигран Вартанович Петросян');
insert into ps_gallery (v_dir, v_name) values ('newton', 'Исаак Ньютон');
insert into ps_gallery (v_dir, v_name) values ('pifagor', 'Пифагор');
insert into ps_gallery (v_dir, v_name) values ('schwarzenegger', 'Арнольд Шварценеггер');
insert into ps_gallery (v_dir, v_name) values ('einstein', 'Альберт Эйнштейн');
insert into ps_gallery (v_dir, v_name) values ('arhimed', 'Архимед');
insert into ps_gallery (v_dir, v_name) values ('euclide', 'Евклид');

/*
 * + FILE [ps_gallery_images.sql]
 */
insert into ps_gallery_images (v_dir, v_file, v_name, v_descr, n_order, b_show) values ('steinic', '1.jpg', null, null, 1, 1);
insert into ps_gallery_images (v_dir, v_file, v_name, v_descr, n_order, b_show) values ('steinic', 'Steinic.jpg', null, null, 2, 1);
insert into ps_gallery_images (v_dir, v_file, v_name, v_descr, n_order, b_show) values ('steinic', '1020-1.JPG', null, null, 3, 0);
insert into ps_gallery_images (v_dir, v_file, v_name, v_descr, n_order, b_show) values ('steinic', '3474.jpg', null, null, 4, 0);
insert into ps_gallery_images (v_dir, v_file, v_name, v_descr, n_order, b_show) values ('steinic', '220px-Lasker-Steinitz.jpg', 'Игра с Ласкером', null, 5, 1);
insert into ps_gallery_images (v_dir, v_file, v_name, v_descr, n_order, b_show) values ('steinic', '852929247.JPG', null, null, 6, 1);
insert into ps_gallery_images (v_dir, v_file, v_name, v_descr, n_order, b_show) values ('steinic', 'SteinitzMarker.jpg', null, null, 7, 0);
insert into ps_gallery_images (v_dir, v_file, v_name, v_descr, n_order, b_show) values ('steinic', 'steinitzPort.jpg', null, null, 8, 1);
insert into ps_gallery_images (v_dir, v_file, v_name, v_descr, n_order, b_show) values ('bohrneils', '200px-Niels_Bohr.jpg', null, null, 1, 1);
insert into ps_gallery_images (v_dir, v_file, v_name, v_descr, n_order, b_show) values ('bohrneils', '3f237f91-699e-35e0-967a-28c276b852a1.jpg', null, null, 2, 1);
insert into ps_gallery_images (v_dir, v_file, v_name, v_descr, n_order, b_show) values ('bohrneils', 'Img_Kvant_H-1997-02-002.jpg', null, null, 3, 0);
insert into ps_gallery_images (v_dir, v_file, v_name, v_descr, n_order, b_show) values ('bohrneils', 'Bor.jpg', null, null, 4, 1);
insert into ps_gallery_images (v_dir, v_file, v_name, v_descr, n_order, b_show) values ('bohrneils', 'ba-huir-duik.jpg', null, null, 5, 1);
insert into ps_gallery_images (v_dir, v_file, v_name, v_descr, n_order, b_show) values ('bohrneils', '723a3626-c2f3-313d-863b-0d5cb6f1e82e.jpg', null, null, 6, 1);
insert into ps_gallery_images (v_dir, v_file, v_name, v_descr, n_order, b_show) values ('bohrneils', 'migdal-16546-15871.jpg', null, null, 7, 1);
insert into ps_gallery_images (v_dir, v_file, v_name, v_descr, n_order, b_show) values ('bohrneils', 'Niels_Bohr_Albert_Einstein3_by_Ehrenfest.jpg', null, null, 8, 1);
insert into ps_gallery_images (v_dir, v_file, v_name, v_descr, n_order, b_show) values ('bohrneils', '015.jpg', null, null, 9, 1);
insert into ps_gallery_images (v_dir, v_file, v_name, v_descr, n_order, b_show) values ('bohrneils', '97e34974-cf44-357d-859e-6b547a6540f9.jpg', null, null, 10, 1);
insert into ps_gallery_images (v_dir, v_file, v_name, v_descr, n_order, b_show) values ('bohrneils', 'a0500919-4d46-3531-b314-b178080f5c36.jpg', null, null, 11, 1);
insert into ps_gallery_images (v_dir, v_file, v_name, v_descr, n_order, b_show) values ('bohrneils', 'Altshuler4.jpg', null, null, 12, 1);
insert into ps_gallery_images (v_dir, v_file, v_name, v_descr, n_order, b_show) values ('bohrneils', 'BOHR2.jpg', null, null, 13, 1);
insert into ps_gallery_images (v_dir, v_file, v_name, v_descr, n_order, b_show) values ('bohrneils', 'bohr_explanation200.jpg', null, null, 14, 1);
insert into ps_gallery_images (v_dir, v_file, v_name, v_descr, n_order, b_show) values ('bohrneils', 'borland.jpg', null, null, 15, 1);
insert into ps_gallery_images (v_dir, v_file, v_name, v_descr, n_order, b_show) values ('bohrneils', 'borland2.jpg', null, null, 16, 1);
insert into ps_gallery_images (v_dir, v_file, v_name, v_descr, n_order, b_show) values ('bohrneils', 'image001.jpg', null, null, 17, 1);
insert into ps_gallery_images (v_dir, v_file, v_name, v_descr, n_order, b_show) values ('bohrneils', 'image002.jpg', null, null, 18, 1);
insert into ps_gallery_images (v_dir, v_file, v_name, v_descr, n_order, b_show) values ('bohrneils', 'o094.jpg', null, null, 19, 1);
insert into ps_gallery_images (v_dir, v_file, v_name, v_descr, n_order, b_show) values ('bohrneils', '1840.jpeg', null, null, 20, 1);
insert into ps_gallery_images (v_dir, v_file, v_name, v_descr, n_order, b_show) values ('bohrneils', 'rgskryd7gms92ova.jpg', null, null, 21, 1);
insert into ps_gallery_images (v_dir, v_file, v_name, v_descr, n_order, b_show) values ('bohrneils', '[IS11VI_1-01]_[GA_03]b.jpg', null, null, 22, 1);
insert into ps_gallery_images (v_dir, v_file, v_name, v_descr, n_order, b_show) values ('anand', '18-54-5b.jpg', null, null, 1, 1);
insert into ps_gallery_images (v_dir, v_file, v_name, v_descr, n_order, b_show) values ('anand', '04-anand-topalov-02.jpg', null, null, 2, 1);
insert into ps_gallery_images (v_dir, v_file, v_name, v_descr, n_order, b_show) values ('anand', '20110329140503.jpg', null, null, 3, 1);
insert into ps_gallery_images (v_dir, v_file, v_name, v_descr, n_order, b_show) values ('anand', '373075.jpg', null, null, 4, 1);
insert into ps_gallery_images (v_dir, v_file, v_name, v_descr, n_order, b_show) values ('anand', 'a3cf931599af247b61222d877a0f6ef7.jpg', null, null, 5, 1);
insert into ps_gallery_images (v_dir, v_file, v_name, v_descr, n_order, b_show) values ('anand', 'anand-topalov_b2.jpg', null, null, 6, 1);
insert into ps_gallery_images (v_dir, v_file, v_name, v_descr, n_order, b_show) values ('anand', 'anand.gif', null, null, 7, 1);
insert into ps_gallery_images (v_dir, v_file, v_name, v_descr, n_order, b_show) values ('anand', 'anand.jpg', null, null, 8, 1);
insert into ps_gallery_images (v_dir, v_file, v_name, v_descr, n_order, b_show) values ('anand', 'anand08.jpg', null, null, 9, 1);
insert into ps_gallery_images (v_dir, v_file, v_name, v_descr, n_order, b_show) values ('anand', 'anand1.jpg', null, null, 10, 1);
insert into ps_gallery_images (v_dir, v_file, v_name, v_descr, n_order, b_show) values ('anand', 'anand2-cb.jpg', null, null, 11, 1);
insert into ps_gallery_images (v_dir, v_file, v_name, v_descr, n_order, b_show) values ('anand', 'AnandWithBoard.jpg', null, null, 12, 1);
insert into ps_gallery_images (v_dir, v_file, v_name, v_descr, n_order, b_show) values ('anand', 'i4_146180_143.jpg', null, null, 13, 1);
insert into ps_gallery_images (v_dir, v_file, v_name, v_descr, n_order, b_show) values ('anand', 'images.jpeg', null, null, 14, 1);
insert into ps_gallery_images (v_dir, v_file, v_name, v_descr, n_order, b_show) values ('anand', 'picture.jpg', null, null, 15, 1);
insert into ps_gallery_images (v_dir, v_file, v_name, v_descr, n_order, b_show) values ('anand', 'picture1.jpg', null, null, 16, 1);
insert into ps_gallery_images (v_dir, v_file, v_name, v_descr, n_order, b_show) values ('anand', 'picture11.jpg', null, null, 17, 1);
insert into ps_gallery_images (v_dir, v_file, v_name, v_descr, n_order, b_show) values ('anand', 'vishi.jpg', null, null, 18, 1);
insert into ps_gallery_images (v_dir, v_file, v_name, v_descr, n_order, b_show) values ('anand', 'viswanathan-anand.jpg', null, null, 19, 1);
insert into ps_gallery_images (v_dir, v_file, v_name, v_descr, n_order, b_show) values ('kramnik', '168076288.jpg', null, null, 1, 1);
insert into ps_gallery_images (v_dir, v_file, v_name, v_descr, n_order, b_show) values ('kramnik', 'Kr1.jpg', null, null, 2, 1);
insert into ps_gallery_images (v_dir, v_file, v_name, v_descr, n_order, b_show) values ('kramnik', '0184.jpg', null, null, 3, 1);
insert into ps_gallery_images (v_dir, v_file, v_name, v_descr, n_order, b_show) values ('kramnik', '3192.jpg', null, null, 4, 1);
insert into ps_gallery_images (v_dir, v_file, v_name, v_descr, n_order, b_show) values ('kramnik', '331x252_agMJu5d6FAwgO1xXekqTPXxfeiwWYACd.jpg', null, null, 5, 1);
insert into ps_gallery_images (v_dir, v_file, v_name, v_descr, n_order, b_show) values ('kramnik', '8B9ADC79-0854-4D32-B98E-38EEA018B6B8_mw800_mh600_s.jpg', null, null, 6, 1);
insert into ps_gallery_images (v_dir, v_file, v_name, v_descr, n_order, b_show) values ('kramnik', 'af3c04aad2b4eea9dfee74440df3bfc9.jpg', null, null, 7, 1);
insert into ps_gallery_images (v_dir, v_file, v_name, v_descr, n_order, b_show) values ('kramnik', 'kramnik.jpg', null, null, 8, 1);
insert into ps_gallery_images (v_dir, v_file, v_name, v_descr, n_order, b_show) values ('kramnik', 'Kramnik1.jpg', null, null, 9, 1);
insert into ps_gallery_images (v_dir, v_file, v_name, v_descr, n_order, b_show) values ('kramnik', 'kramnik14.jpg', null, null, 10, 1);
insert into ps_gallery_images (v_dir, v_file, v_name, v_descr, n_order, b_show) values ('kramnik', 'Kramnik3.jpg', null, null, 11, 1);
insert into ps_gallery_images (v_dir, v_file, v_name, v_descr, n_order, b_show) values ('kramnik', 'kramnik_200810201305150.jpg', null, null, 12, 1);
insert into ps_gallery_images (v_dir, v_file, v_name, v_descr, n_order, b_show) values ('kramnik', 'kramnik_robot.jpg', null, null, 13, 1);
insert into ps_gallery_images (v_dir, v_file, v_name, v_descr, n_order, b_show) values ('kramnik', 'simpatyaga.jpg', null, null, 14, 1);
insert into ps_gallery_images (v_dir, v_file, v_name, v_descr, n_order, b_show) values ('feynman', '57540776_richard.jpg', null, null, 1, 1);
insert into ps_gallery_images (v_dir, v_file, v_name, v_descr, n_order, b_show) values ('feynman', 'Ruzhansky_1.jpg', null, null, 2, 1);
insert into ps_gallery_images (v_dir, v_file, v_name, v_descr, n_order, b_show) values ('feynman', 'image35.jpg', null, null, 3, 1);
insert into ps_gallery_images (v_dir, v_file, v_name, v_descr, n_order, b_show) values ('feynman', 'Ruzhansky_3.jpg', null, null, 4, 1);
insert into ps_gallery_images (v_dir, v_file, v_name, v_descr, n_order, b_show) values ('feynman', 'Feynman_and_Oppenheimer_at_Los_Alamos.jpg', null, null, 5, 1);
insert into ps_gallery_images (v_dir, v_file, v_name, v_descr, n_order, b_show) values ('feynman', 'feynman.gif', null, null, 6, 1);
insert into ps_gallery_images (v_dir, v_file, v_name, v_descr, n_order, b_show) values ('feynman', 'FEYN02.JPG', null, null, 7, 1);
insert into ps_gallery_images (v_dir, v_file, v_name, v_descr, n_order, b_show) values ('feynman', 'Feynman.JPG', null, null, 8, 1);
insert into ps_gallery_images (v_dir, v_file, v_name, v_descr, n_order, b_show) values ('feynman', 'feynman12.jpg', null, null, 9, 1);
insert into ps_gallery_images (v_dir, v_file, v_name, v_descr, n_order, b_show) values ('feynman', 'feynman1.jpg', null, null, 10, 1);
insert into ps_gallery_images (v_dir, v_file, v_name, v_descr, n_order, b_show) values ('feynman', 'feynman11.jpg', null, null, 11, 1);
insert into ps_gallery_images (v_dir, v_file, v_name, v_descr, n_order, b_show) values ('feynman', 'feynman2.jpg', null, null, 12, 1);
insert into ps_gallery_images (v_dir, v_file, v_name, v_descr, n_order, b_show) values ('feynman', 'Feynman22.jpg', null, null, 13, 1);
insert into ps_gallery_images (v_dir, v_file, v_name, v_descr, n_order, b_show) values ('feynman', 'td-feynman-thumb.jpg', null, null, 14, 1);
insert into ps_gallery_images (v_dir, v_file, v_name, v_descr, n_order, b_show) values ('feynman', 'feynman3.jpg', null, null, 15, 1);
insert into ps_gallery_images (v_dir, v_file, v_name, v_descr, n_order, b_show) values ('feynman', 'feynman_quality.jpg', null, null, 16, 1);
insert into ps_gallery_images (v_dir, v_file, v_name, v_descr, n_order, b_show) values ('feynman', 'Richard_Feynman_-_Fermilab.jpg', null, null, 17, 1);
insert into ps_gallery_images (v_dir, v_file, v_name, v_descr, n_order, b_show) values ('feynman', '59397184_ffffff.jpg', null, null, 18, 1);
insert into ps_gallery_images (v_dir, v_file, v_name, v_descr, n_order, b_show) values ('feynman', 'Feynman_IceDunk.jpg', null, null, 19, 1);
insert into ps_gallery_images (v_dir, v_file, v_name, v_descr, n_order, b_show) values ('chess', '1-1.jpg', null, null, 1, 1);
insert into ps_gallery_images (v_dir, v_file, v_name, v_descr, n_order, b_show) values ('chess', '1.jpg', null, null, 2, 1);
insert into ps_gallery_images (v_dir, v_file, v_name, v_descr, n_order, b_show) values ('chess', '10.jpg', null, null, 3, 1);
insert into ps_gallery_images (v_dir, v_file, v_name, v_descr, n_order, b_show) values ('chess', '11.jpg', null, null, 4, 1);
insert into ps_gallery_images (v_dir, v_file, v_name, v_descr, n_order, b_show) values ('chess', '12.jpg', null, null, 5, 1);
insert into ps_gallery_images (v_dir, v_file, v_name, v_descr, n_order, b_show) values ('chess', '1269989969_26.jpg', null, null, 6, 1);
insert into ps_gallery_images (v_dir, v_file, v_name, v_descr, n_order, b_show) values ('chess', '1270113085_cool_chg.jpg', null, null, 7, 1);
insert into ps_gallery_images (v_dir, v_file, v_name, v_descr, n_order, b_show) values ('chess', '1270113088_cool_cht.jpg', null, null, 8, 1);
insert into ps_gallery_images (v_dir, v_file, v_name, v_descr, n_order, b_show) values ('chess', '1270113090_cool_chu.jpg', null, null, 9, 1);
insert into ps_gallery_images (v_dir, v_file, v_name, v_descr, n_order, b_show) values ('chess', '1270113093_cool_ci0.jpg', null, null, 10, 1);
insert into ps_gallery_images (v_dir, v_file, v_name, v_descr, n_order, b_show) values ('chess', '1270113103_cool_chj.jpg', null, null, 11, 1);
insert into ps_gallery_images (v_dir, v_file, v_name, v_descr, n_order, b_show) values ('chess', '1270113115_cool_chk.jpg', null, null, 12, 1);
insert into ps_gallery_images (v_dir, v_file, v_name, v_descr, n_order, b_show) values ('chess', '1270113122_cool_chl.jpg', null, null, 13, 1);
insert into ps_gallery_images (v_dir, v_file, v_name, v_descr, n_order, b_show) values ('chess', '1270113146_cool_ci8.jpg', null, null, 14, 1);
insert into ps_gallery_images (v_dir, v_file, v_name, v_descr, n_order, b_show) values ('chess', '1270113176_cool_ci3.jpg', null, null, 15, 1);
insert into ps_gallery_images (v_dir, v_file, v_name, v_descr, n_order, b_show) values ('chess', '1270113179_cool_ci7.jpg', null, null, 16, 1);
insert into ps_gallery_images (v_dir, v_file, v_name, v_descr, n_order, b_show) values ('chess', '1270113232_cool_cic.jpg', null, null, 17, 1);
insert into ps_gallery_images (v_dir, v_file, v_name, v_descr, n_order, b_show) values ('chess', '1305289918_chess_02.jpg', null, null, 18, 1);
insert into ps_gallery_images (v_dir, v_file, v_name, v_descr, n_order, b_show) values ('chess', '2158.jpg', null, null, 19, 1);
insert into ps_gallery_images (v_dir, v_file, v_name, v_descr, n_order, b_show) values ('chess', '3.jpg', null, null, 20, 1);
insert into ps_gallery_images (v_dir, v_file, v_name, v_descr, n_order, b_show) values ('chess', '30.jpg', null, null, 21, 1);
insert into ps_gallery_images (v_dir, v_file, v_name, v_descr, n_order, b_show) values ('chess', '31351.jpg', null, null, 22, 1);
insert into ps_gallery_images (v_dir, v_file, v_name, v_descr, n_order, b_show) values ('chess', '4.jpg', null, null, 23, 1);
insert into ps_gallery_images (v_dir, v_file, v_name, v_descr, n_order, b_show) values ('chess', '4224_big.jpg', null, null, 24, 1);
insert into ps_gallery_images (v_dir, v_file, v_name, v_descr, n_order, b_show) values ('chess', '5.jpg', null, null, 25, 1);
insert into ps_gallery_images (v_dir, v_file, v_name, v_descr, n_order, b_show) values ('chess', '51qolCksJiL.jpg', null, null, 26, 1);
insert into ps_gallery_images (v_dir, v_file, v_name, v_descr, n_order, b_show) values ('chess', '7.jpg', null, null, 27, 1);
insert into ps_gallery_images (v_dir, v_file, v_name, v_descr, n_order, b_show) values ('chess', '73614400_1.jpg', null, null, 28, 1);
insert into ps_gallery_images (v_dir, v_file, v_name, v_descr, n_order, b_show) values ('chess', '73614432_1.jpg', null, null, 29, 1);
insert into ps_gallery_images (v_dir, v_file, v_name, v_descr, n_order, b_show) values ('chess', '73614432_2.jpg', null, null, 30, 1);
insert into ps_gallery_images (v_dir, v_file, v_name, v_descr, n_order, b_show) values ('chess', '73614455_5.jpg', null, null, 31, 1);
insert into ps_gallery_images (v_dir, v_file, v_name, v_descr, n_order, b_show) values ('chess', '73614518_8.jpg', null, null, 32, 1);
insert into ps_gallery_images (v_dir, v_file, v_name, v_descr, n_order, b_show) values ('chess', '8.jpg', null, null, 33, 1);
insert into ps_gallery_images (v_dir, v_file, v_name, v_descr, n_order, b_show) values ('chess', '9.jpg', null, null, 34, 1);
insert into ps_gallery_images (v_dir, v_file, v_name, v_descr, n_order, b_show) values ('chess', 'alice-in-wonderland-chess-set.jpg', null, null, 35, 1);
insert into ps_gallery_images (v_dir, v_file, v_name, v_descr, n_order, b_show) values ('chess', 'alice-in-wonderland.jpg', null, null, 36, 1);
insert into ps_gallery_images (v_dir, v_file, v_name, v_descr, n_order, b_show) values ('chess', 'aliens-chess-set-board.jpg', null, null, 37, 1);
insert into ps_gallery_images (v_dir, v_file, v_name, v_descr, n_order, b_show) values ('chess', 'aliens-chess-set.jpg', null, null, 38, 1);
insert into ps_gallery_images (v_dir, v_file, v_name, v_descr, n_order, b_show) values ('chess', 'Anymal-chess.jpg', null, null, 39, 1);
insert into ps_gallery_images (v_dir, v_file, v_name, v_descr, n_order, b_show) values ('chess', 'avpchess1.jpg', null, null, 40, 1);
insert into ps_gallery_images (v_dir, v_file, v_name, v_descr, n_order, b_show) values ('chess', 'avpchess2.jpg', null, null, 41, 1);
insert into ps_gallery_images (v_dir, v_file, v_name, v_descr, n_order, b_show) values ('chess', 'b5fd77d6eb.jpg', null, null, 42, 1);
insert into ps_gallery_images (v_dir, v_file, v_name, v_descr, n_order, b_show) values ('chess', 'b5fd77d6ec.jpg', null, null, 43, 1);
insert into ps_gallery_images (v_dir, v_file, v_name, v_descr, n_order, b_show) values ('chess', 'Bspk-56SG Silver Jubilee Chess set -side detail shot B&W.jpg', null, null, 44, 1);
insert into ps_gallery_images (v_dir, v_file, v_name, v_descr, n_order, b_show) values ('chess', 'calatrava-chess-set_01_mtEjm_17621.jpg', null, null, 45, 1);
insert into ps_gallery_images (v_dir, v_file, v_name, v_descr, n_order, b_show) values ('chess', 'calatrava-chess-set_05_2w5ts_17621.jpg', null, null, 46, 1);
insert into ps_gallery_images (v_dir, v_file, v_name, v_descr, n_order, b_show) values ('chess', 'cher1.png', null, null, 47, 1);
insert into ps_gallery_images (v_dir, v_file, v_name, v_descr, n_order, b_show) values ('chess', 'chess01.jpg', null, null, 48, 1);
insert into ps_gallery_images (v_dir, v_file, v_name, v_descr, n_order, b_show) values ('chess', 'chesshouse1.jpg', null, null, 49, 1);
insert into ps_gallery_images (v_dir, v_file, v_name, v_descr, n_order, b_show) values ('chess', 'ChessSets.jpg', null, null, 50, 1);
insert into ps_gallery_images (v_dir, v_file, v_name, v_descr, n_order, b_show) values ('chess', 'civil-war-chess-set-2.jpg', null, null, 51, 1);
insert into ps_gallery_images (v_dir, v_file, v_name, v_descr, n_order, b_show) values ('chess', 'civil-war-chess-set.jpg', null, null, 52, 1);
insert into ps_gallery_images (v_dir, v_file, v_name, v_descr, n_order, b_show) values ('chess', 'contemporary_metal_chess_setB600.jpg', null, null, 53, 1);
insert into ps_gallery_images (v_dir, v_file, v_name, v_descr, n_order, b_show) values ('chess', 'demo4.jpg', null, null, 54, 1);
insert into ps_gallery_images (v_dir, v_file, v_name, v_descr, n_order, b_show) values ('chess', 'ESB_Lego_Chess.jpg', null, null, 55, 1);
insert into ps_gallery_images (v_dir, v_file, v_name, v_descr, n_order, b_show) values ('chess', 'firefighter-chess-set.jpg', null, null, 56, 1);
insert into ps_gallery_images (v_dir, v_file, v_name, v_descr, n_order, b_show) values ('chess', 'g-m1.jpg', null, null, 57, 1);
insert into ps_gallery_images (v_dir, v_file, v_name, v_descr, n_order, b_show) values ('chess', 'greek-mythology-chess-set1.jpg', null, null, 58, 1);
insert into ps_gallery_images (v_dir, v_file, v_name, v_descr, n_order, b_show) values ('chess', 'greek-mythology-chess-set2.jpg', null, null, 59, 1);
insert into ps_gallery_images (v_dir, v_file, v_name, v_descr, n_order, b_show) values ('chess', 'image001.jpg', null, null, 60, 1);
insert into ps_gallery_images (v_dir, v_file, v_name, v_descr, n_order, b_show) values ('chess', 'lego.jpg', null, null, 61, 1);
insert into ps_gallery_images (v_dir, v_file, v_name, v_descr, n_order, b_show) values ('chess', 'lrg_tribal001(1).jpg', null, null, 62, 1);
insert into ps_gallery_images (v_dir, v_file, v_name, v_descr, n_order, b_show) values ('chess', 'm1-alabaster-chess-set.jpg', null, null, 63, 1);
insert into ps_gallery_images (v_dir, v_file, v_name, v_descr, n_order, b_show) values ('chess', 'm2-marble-chess-sets.jpg', null, null, 64, 1);
insert into ps_gallery_images (v_dir, v_file, v_name, v_descr, n_order, b_show) values ('chess', 'master CB124.jpg', null, null, 65, 1);
insert into ps_gallery_images (v_dir, v_file, v_name, v_descr, n_order, b_show) values ('chess', 'police-chess-set1.jpg', null, null, 66, 1);
insert into ps_gallery_images (v_dir, v_file, v_name, v_descr, n_order, b_show) values ('chess', 'police-chess-set2.jpg', null, null, 67, 1);
insert into ps_gallery_images (v_dir, v_file, v_name, v_descr, n_order, b_show) values ('chess', 'post-2-12478516555590.jpg', null, null, 68, 1);
insert into ps_gallery_images (v_dir, v_file, v_name, v_descr, n_order, b_show) values ('chess', 'PSHK.jpg', null, null, 69, 1);
insert into ps_gallery_images (v_dir, v_file, v_name, v_descr, n_order, b_show) values ('chess', 'recycled-chess-set_2_bE4tl_5638.jpg', null, null, 70, 1);
insert into ps_gallery_images (v_dir, v_file, v_name, v_descr, n_order, b_show) values ('chess', 'recycled-chess-set_8_ZnzFK_5638.jpg', null, null, 71, 1);
insert into ps_gallery_images (v_dir, v_file, v_name, v_descr, n_order, b_show) values ('chess', 'revolutionary-war-chess-set.jpg', null, null, 72, 1);
insert into ps_gallery_images (v_dir, v_file, v_name, v_descr, n_order, b_show) values ('chess', 'starwars_chess.jpg', null, null, 73, 1);
insert into ps_gallery_images (v_dir, v_file, v_name, v_descr, n_order, b_show) values ('chess', 'travel-chess-set.jpg', null, null, 74, 1);
insert into ps_gallery_images (v_dir, v_file, v_name, v_descr, n_order, b_show) values ('chess', 'unique-chess-set.jpg', null, null, 75, 1);
insert into ps_gallery_images (v_dir, v_file, v_name, v_descr, n_order, b_show) values ('chess', 'unusual_chess_1.jpg', null, null, 76, 1);
insert into ps_gallery_images (v_dir, v_file, v_name, v_descr, n_order, b_show) values ('chess', 'unusual_chess_39.jpg', null, null, 77, 1);
insert into ps_gallery_images (v_dir, v_file, v_name, v_descr, n_order, b_show) values ('chess', 'unusual_chess_40.jpg', null, null, 78, 1);
insert into ps_gallery_images (v_dir, v_file, v_name, v_descr, n_order, b_show) values ('chess', 'vacuumchess3.jpg', null, null, 79, 1);
insert into ps_gallery_images (v_dir, v_file, v_name, v_descr, n_order, b_show) values ('chess', 'veronachessset1.jpg', null, null, 80, 1);
insert into ps_gallery_images (v_dir, v_file, v_name, v_descr, n_order, b_show) values ('chess', 'veronachessset2.jpg', null, null, 81, 1);
insert into ps_gallery_images (v_dir, v_file, v_name, v_descr, n_order, b_show) values ('chess', 'veronachessset3.jpg', null, null, 82, 1);
insert into ps_gallery_images (v_dir, v_file, v_name, v_descr, n_order, b_show) values ('chess', 'waterloo-chess.jpg', null, null, 83, 1);
insert into ps_gallery_images (v_dir, v_file, v_name, v_descr, n_order, b_show) values ('chess', 'xgent9617.jpg', null, null, 84, 1);
insert into ps_gallery_images (v_dir, v_file, v_name, v_descr, n_order, b_show) values ('capablanca', '1.jpg', null, null, 1, 1);
insert into ps_gallery_images (v_dir, v_file, v_name, v_descr, n_order, b_show) values ('capablanca', '60808.thw.jpeg', null, null, 2, 1);
insert into ps_gallery_images (v_dir, v_file, v_name, v_descr, n_order, b_show) values ('capablanca', 'capablanca012.jpg', null, null, 3, 1);
insert into ps_gallery_images (v_dir, v_file, v_name, v_descr, n_order, b_show) values ('capablanca', '16gd0b.jpeg', null, null, 4, 1);
insert into ps_gallery_images (v_dir, v_file, v_name, v_descr, n_order, b_show) values ('capablanca', '220px-Chess_Fever_Kapablanka.jpg', null, null, 5, 1);
insert into ps_gallery_images (v_dir, v_file, v_name, v_descr, n_order, b_show) values ('capablanca', 'Alekhine_Capablanca_WCC_1927.jpg', null, null, 6, 1);
insert into ps_gallery_images (v_dir, v_file, v_name, v_descr, n_order, b_show) values ('capablanca', 'Berlin.jpg', null, null, 7, 1);
insert into ps_gallery_images (v_dir, v_file, v_name, v_descr, n_order, b_show) values ('capablanca', 'Capablanca-Botvinnik_1936.jpg', null, null, 8, 1);
insert into ps_gallery_images (v_dir, v_file, v_name, v_descr, n_order, b_show) values ('capablanca', 'capablanca.jpg', null, null, 9, 1);
insert into ps_gallery_images (v_dir, v_file, v_name, v_descr, n_order, b_show) values ('capablanca', 'cn4092_capablanca2.jpg', null, null, 10, 1);
insert into ps_gallery_images (v_dir, v_file, v_name, v_descr, n_order, b_show) values ('capablanca', '264897338.JPG', null, null, 11, 1);
insert into ps_gallery_images (v_dir, v_file, v_name, v_descr, n_order, b_show) values ('capablanca', 'capablanca04-ew.jpg', null, null, 12, 1);
insert into ps_gallery_images (v_dir, v_file, v_name, v_descr, n_order, b_show) values ('capablanca', 'capablanca17-olga-ew.jpg', null, null, 13, 1);
insert into ps_gallery_images (v_dir, v_file, v_name, v_descr, n_order, b_show) values ('capablanca', 'capablanca3.jpg', null, null, 14, 1);
insert into ps_gallery_images (v_dir, v_file, v_name, v_descr, n_order, b_show) values ('capablanca', 'Kapablanka.jpg', null, null, 15, 1);
insert into ps_gallery_images (v_dir, v_file, v_name, v_descr, n_order, b_show) values ('capablanca', 'thumbig1642450.jpg', null, null, 16, 1);
insert into ps_gallery_images (v_dir, v_file, v_name, v_descr, n_order, b_show) values ('capablanca', 'StampTajikistanSc168c.jpg', null, null, 17, 1);
insert into ps_gallery_images (v_dir, v_file, v_name, v_descr, n_order, b_show) values ('botvinnik', 'mikhail-botvinnik_3-t.jpg', null, null, 1, 1);
insert into ps_gallery_images (v_dir, v_file, v_name, v_descr, n_order, b_show) values ('botvinnik', 'botvinnik.jpg', null, null, 2, 0);
insert into ps_gallery_images (v_dir, v_file, v_name, v_descr, n_order, b_show) values ('botvinnik', '047582246_Botvinnik.jpg', null, null, 3, 1);
insert into ps_gallery_images (v_dir, v_file, v_name, v_descr, n_order, b_show) values ('botvinnik', '1303216536_botvinnik.jpg', null, null, 4, 1);
insert into ps_gallery_images (v_dir, v_file, v_name, v_descr, n_order, b_show) values ('botvinnik', '999747266.JPG', null, null, 5, 1);
insert into ps_gallery_images (v_dir, v_file, v_name, v_descr, n_order, b_show) values ('botvinnik', 'botvinnik01-ew.jpg', null, null, 6, 1);
insert into ps_gallery_images (v_dir, v_file, v_name, v_descr, n_order, b_show) values ('botvinnik', 'botvinnik1.jpg', null, null, 7, 1);
insert into ps_gallery_images (v_dir, v_file, v_name, v_descr, n_order, b_show) values ('botvinnik', 'botvinnik2.jpg', null, null, 8, 1);
insert into ps_gallery_images (v_dir, v_file, v_name, v_descr, n_order, b_show) values ('botvinnik', 'botvinnik_mikhail.jpg', null, null, 9, 1);
insert into ps_gallery_images (v_dir, v_file, v_name, v_descr, n_order, b_show) values ('botvinnik', 'image_big.jpg', null, null, 10, 1);
insert into ps_gallery_images (v_dir, v_file, v_name, v_descr, n_order, b_show) values ('botvinnik', 'h_7b7e68fed1992a346fbefe19fdf49933.jpg', null, null, 11, 1);
insert into ps_gallery_images (v_dir, v_file, v_name, v_descr, n_order, b_show) values ('botvinnik', 'mikhail-botvinnik_4.jpg', null, null, 12, 1);
insert into ps_gallery_images (v_dir, v_file, v_name, v_descr, n_order, b_show) values ('botvinnik', 'npid_15619.jpg', null, null, 13, 1);
insert into ps_gallery_images (v_dir, v_file, v_name, v_descr, n_order, b_show) values ('botvinnik', 'rc33-14.jpg', null, null, 14, 1);
insert into ps_gallery_images (v_dir, v_file, v_name, v_descr, n_order, b_show) values ('botvinnik', 'smyslov_botvinnik58.jpg', null, null, 15, 0);
insert into ps_gallery_images (v_dir, v_file, v_name, v_descr, n_order, b_show) values ('botvinnik', 'botvinnik.gif', null, null, 16, 1);
insert into ps_gallery_images (v_dir, v_file, v_name, v_descr, n_order, b_show) values ('botvinnik', 'z9215d8_d93fdd68_M.jpg', null, null, 17, 1);
insert into ps_gallery_images (v_dir, v_file, v_name, v_descr, n_order, b_show) values ('botvinnik', '12363302792dd1.jpg', null, null, 18, 1);
insert into ps_gallery_images (v_dir, v_file, v_name, v_descr, n_order, b_show) values ('euwe', '797880422.JPG', null, null, 1, 1);
insert into ps_gallery_images (v_dir, v_file, v_name, v_descr, n_order, b_show) values ('euwe', 'euve.jpg', null, null, 2, 1);
insert into ps_gallery_images (v_dir, v_file, v_name, v_descr, n_order, b_show) values ('euwe', 'euwe.gif', null, null, 3, 1);
insert into ps_gallery_images (v_dir, v_file, v_name, v_descr, n_order, b_show) values ('euwe', 'Euwe.jpg', null, null, 4, 1);
insert into ps_gallery_images (v_dir, v_file, v_name, v_descr, n_order, b_show) values ('euwe', 'euwe1.jpg', null, null, 5, 1);
insert into ps_gallery_images (v_dir, v_file, v_name, v_descr, n_order, b_show) values ('euwe', 'vlast_42_071dsrfe.jpg', null, null, 6, 1);
insert into ps_gallery_images (v_dir, v_file, v_name, v_descr, n_order, b_show) values ('euwe', 'maks_eyve_max_eyve_main.jpg', null, null, 7, 1);
insert into ps_gallery_images (v_dir, v_file, v_name, v_descr, n_order, b_show) values ('euwe', 'euw.gif', null, null, 8, 1);
insert into ps_gallery_images (v_dir, v_file, v_name, v_descr, n_order, b_show) values ('euwe', 'Max_Euwe_1973.jpg', null, null, 9, 1);
insert into ps_gallery_images (v_dir, v_file, v_name, v_descr, n_order, b_show) values ('fischer', '1962_Bobby_Fischer_by_Ralph_Ginzburg.jpg', null, null, 1, 1);
insert into ps_gallery_images (v_dir, v_file, v_name, v_descr, n_order, b_show) values ('fischer', '0001qb18.jpg', null, null, 2, 1);
insert into ps_gallery_images (v_dir, v_file, v_name, v_descr, n_order, b_show) values ('fischer', '0527113.jpg', null, null, 3, 1);
insert into ps_gallery_images (v_dir, v_file, v_name, v_descr, n_order, b_show) values ('fischer', '1044722.jpg', null, null, 4, 1);
insert into ps_gallery_images (v_dir, v_file, v_name, v_descr, n_order, b_show) values ('fischer', '12932280012.jpg', null, null, 5, 1);
insert into ps_gallery_images (v_dir, v_file, v_name, v_descr, n_order, b_show) values ('fischer', '12932280014.jpg', null, null, 6, 1);
insert into ps_gallery_images (v_dir, v_file, v_name, v_descr, n_order, b_show) values ('fischer', '33.jpg', null, null, 7, 1);
insert into ps_gallery_images (v_dir, v_file, v_name, v_descr, n_order, b_show) values ('fischer', '411144-2599164-317-238.jpg', null, null, 8, 1);
insert into ps_gallery_images (v_dir, v_file, v_name, v_descr, n_order, b_show) values ('fischer', '416px-Bundesarchiv_Bild_183-76052-0053_XIV__Schacholympiade_in_Leipzig.jpg', null, null, 9, 1);
insert into ps_gallery_images (v_dir, v_file, v_name, v_descr, n_order, b_show) values ('fischer', 'bobby_fischer_2.jpg', null, null, 10, 1);
insert into ps_gallery_images (v_dir, v_file, v_name, v_descr, n_order, b_show) values ('fischer', 'fischer-bobby.jpg', null, null, 11, 1);
insert into ps_gallery_images (v_dir, v_file, v_name, v_descr, n_order, b_show) values ('fischer', 'Fischer-Tal.jpg', null, null, 12, 1);
insert into ps_gallery_images (v_dir, v_file, v_name, v_descr, n_order, b_show) values ('fischer', 'Fischer.jpg', null, null, 13, 1);
insert into ps_gallery_images (v_dir, v_file, v_name, v_descr, n_order, b_show) values ('fischer', 'fischer1.jpg', null, null, 14, 1);
insert into ps_gallery_images (v_dir, v_file, v_name, v_descr, n_order, b_show) values ('fischer', 'Fisher-2.jpg', null, null, 15, 1);
insert into ps_gallery_images (v_dir, v_file, v_name, v_descr, n_order, b_show) values ('fischer', 'fisher-300x198.jpg', null, null, 16, 1);
insert into ps_gallery_images (v_dir, v_file, v_name, v_descr, n_order, b_show) values ('fischer', 'fisher.jpg', null, null, 17, 1);
insert into ps_gallery_images (v_dir, v_file, v_name, v_descr, n_order, b_show) values ('fischer', 'Fisher_Robert.jpg', null, null, 18, 1);
insert into ps_gallery_images (v_dir, v_file, v_name, v_descr, n_order, b_show) values ('fischer', 'image.jpg', null, null, 19, 1);
insert into ps_gallery_images (v_dir, v_file, v_name, v_descr, n_order, b_show) values ('fischer', 'PAR38509.jpg', null, null, 20, 1);
insert into ps_gallery_images (v_dir, v_file, v_name, v_descr, n_order, b_show) values ('fischer', 'Spassky-Fischer.jpg', null, null, 21, 1);
insert into ps_gallery_images (v_dir, v_file, v_name, v_descr, n_order, b_show) values ('fischer', 'zfischer06.jpg', null, null, 22, 1);
insert into ps_gallery_images (v_dir, v_file, v_name, v_descr, n_order, b_show) values ('karpov', '00afdae3.jpg', null, null, 1, 1);
insert into ps_gallery_images (v_dir, v_file, v_name, v_descr, n_order, b_show) values ('karpov', 'karpov.jpg', null, null, 2, 1);
insert into ps_gallery_images (v_dir, v_file, v_name, v_descr, n_order, b_show) values ('karpov', '0150355_42849278100_7489_n.jpg', null, null, 3, 1);
insert into ps_gallery_images (v_dir, v_file, v_name, v_descr, n_order, b_show) values ('karpov', 'akarpov.jpg', null, null, 4, 1);
insert into ps_gallery_images (v_dir, v_file, v_name, v_descr, n_order, b_show) values ('karpov', '03--f16ed.jpg', null, null, 5, 1);
insert into ps_gallery_images (v_dir, v_file, v_name, v_descr, n_order, b_show) values ('karpov', '302893390.jpg', null, null, 6, 1);
insert into ps_gallery_images (v_dir, v_file, v_name, v_descr, n_order, b_show) values ('karpov', '378484030.jpg', null, null, 7, 1);
insert into ps_gallery_images (v_dir, v_file, v_name, v_descr, n_order, b_show) values ('karpov', '378484031.jpg', null, null, 8, 1);
insert into ps_gallery_images (v_dir, v_file, v_name, v_descr, n_order, b_show) values ('karpov', '74610428_4330087_Anatolii_Karpov.jpg', null, null, 9, 1);
insert into ps_gallery_images (v_dir, v_file, v_name, v_descr, n_order, b_show) values ('karpov', 'I-05-STORY-karp-f20_640.jpg', null, null, 10, 1);
insert into ps_gallery_images (v_dir, v_file, v_name, v_descr, n_order, b_show) values ('karpov', 'Karpov (1).jpg', null, null, 11, 1);
insert into ps_gallery_images (v_dir, v_file, v_name, v_descr, n_order, b_show) values ('karpov', 'karpov (2).jpg', null, null, 12, 1);
insert into ps_gallery_images (v_dir, v_file, v_name, v_descr, n_order, b_show) values ('karpov', 'karpov-anatoliy-evgenevich_173_1268012707.jpg', null, null, 13, 1);
insert into ps_gallery_images (v_dir, v_file, v_name, v_descr, n_order, b_show) values ('karpov', 'karpov_ae.jpg', null, null, 14, 1);
insert into ps_gallery_images (v_dir, v_file, v_name, v_descr, n_order, b_show) values ('karpov', 'karpov_school.jpg', null, null, 15, 1);
insert into ps_gallery_images (v_dir, v_file, v_name, v_descr, n_order, b_show) values ('karpov', 'kasparov-2300.jpg', null, null, 16, 1);
insert into ps_gallery_images (v_dir, v_file, v_name, v_descr, n_order, b_show) values ('karpov', 'kasparov-2309.jpg', null, null, 17, 1);
insert into ps_gallery_images (v_dir, v_file, v_name, v_descr, n_order, b_show) values ('karpov', 'kasparov_karpov_579.jpg', null, null, 18, 1);
insert into ps_gallery_images (v_dir, v_file, v_name, v_descr, n_order, b_show) values ('karpov', 'kasparov_karpov_580.jpg', null, null, 19, 1);
insert into ps_gallery_images (v_dir, v_file, v_name, v_descr, n_order, b_show) values ('kasparov', '02.jpg', null, null, 1, 1);
insert into ps_gallery_images (v_dir, v_file, v_name, v_descr, n_order, b_show) values ('kasparov', '03.jpg', null, null, 2, 1);
insert into ps_gallery_images (v_dir, v_file, v_name, v_descr, n_order, b_show) values ('kasparov', '01.jpg', null, null, 3, 1);
insert into ps_gallery_images (v_dir, v_file, v_name, v_descr, n_order, b_show) values ('kasparov', '06.jpg', null, null, 4, 1);
insert into ps_gallery_images (v_dir, v_file, v_name, v_descr, n_order, b_show) values ('kasparov', '1695737.jpg', null, null, 5, 1);
insert into ps_gallery_images (v_dir, v_file, v_name, v_descr, n_order, b_show) values ('kasparov', '1981_08.jpg', null, null, 6, 1);
insert into ps_gallery_images (v_dir, v_file, v_name, v_descr, n_order, b_show) values ('kasparov', '761_1_max.jpg', null, null, 7, 1);
insert into ps_gallery_images (v_dir, v_file, v_name, v_descr, n_order, b_show) values ('kasparov', '8.5.jpg', null, null, 8, 1);
insert into ps_gallery_images (v_dir, v_file, v_name, v_descr, n_order, b_show) values ('kasparov', 'azarov_kasparov3.jpg', null, null, 9, 1);
insert into ps_gallery_images (v_dir, v_file, v_name, v_descr, n_order, b_show) values ('kasparov', 'garry-kasparov-by-cool-sports-players-3-.jpg', null, null, 10, 1);
insert into ps_gallery_images (v_dir, v_file, v_name, v_descr, n_order, b_show) values ('kasparov', 'Garry-Kasparov-by-cool-sports-players-4.jpg', null, null, 11, 1);
insert into ps_gallery_images (v_dir, v_file, v_name, v_descr, n_order, b_show) values ('kasparov', 'garry-kasparov_4078.jpg', null, null, 12, 1);
insert into ps_gallery_images (v_dir, v_file, v_name, v_descr, n_order, b_show) values ('kasparov', 'Garry_Kasparov_1980_Malta.jpg', null, null, 13, 1);
insert into ps_gallery_images (v_dir, v_file, v_name, v_descr, n_order, b_show) values ('kasparov', 'kasparov (1).jpg', null, null, 14, 1);
insert into ps_gallery_images (v_dir, v_file, v_name, v_descr, n_order, b_show) values ('kasparov', 'kasparov (2).jpg', null, null, 15, 1);
insert into ps_gallery_images (v_dir, v_file, v_name, v_descr, n_order, b_show) values ('kasparov', 'Kasparov-11.jpg', null, null, 16, 1);
insert into ps_gallery_images (v_dir, v_file, v_name, v_descr, n_order, b_show) values ('kasparov', 'kasparov.jpg', null, null, 17, 0);
insert into ps_gallery_images (v_dir, v_file, v_name, v_descr, n_order, b_show) values ('kasparov', 'Kasparov1.jpg', null, null, 18, 1);
insert into ps_gallery_images (v_dir, v_file, v_name, v_descr, n_order, b_show) values ('kasparov', 'Kasparov10.jpg', null, null, 19, 1);
insert into ps_gallery_images (v_dir, v_file, v_name, v_descr, n_order, b_show) values ('lasker', 'emanuel-lasker.jpg', null, null, 1, 1);
insert into ps_gallery_images (v_dir, v_file, v_name, v_descr, n_order, b_show) values ('lasker', '1.jpg', null, null, 2, 1);
insert into ps_gallery_images (v_dir, v_file, v_name, v_descr, n_order, b_show) values ('lasker', '14355.gif', null, null, 3, 1);
insert into ps_gallery_images (v_dir, v_file, v_name, v_descr, n_order, b_show) values ('lasker', '145825792.jpg', null, null, 4, 1);
insert into ps_gallery_images (v_dir, v_file, v_name, v_descr, n_order, b_show) values ('lasker', '2.jpg', null, null, 5, 1);
insert into ps_gallery_images (v_dir, v_file, v_name, v_descr, n_order, b_show) values ('lasker', '50044933_Lasker.jpg', null, null, 6, 1);
insert into ps_gallery_images (v_dir, v_file, v_name, v_descr, n_order, b_show) values ('lasker', '220px-Lasker.png', null, null, 7, 1);
insert into ps_gallery_images (v_dir, v_file, v_name, v_descr, n_order, b_show) values ('lasker', '819794276.JPG', null, null, 8, 1);
insert into ps_gallery_images (v_dir, v_file, v_name, v_descr, n_order, b_show) values ('lasker', 'cn4995_lasker1.jpg', null, null, 9, 1);
insert into ps_gallery_images (v_dir, v_file, v_name, v_descr, n_order, b_show) values ('lasker', 'go305.jpg', null, null, 10, 1);
insert into ps_gallery_images (v_dir, v_file, v_name, v_descr, n_order, b_show) values ('lasker', 'Emanuel Lasker.jpg', null, null, 11, 1);
insert into ps_gallery_images (v_dir, v_file, v_name, v_descr, n_order, b_show) values ('lasker', 'lasker.jpg', null, null, 12, 1);
insert into ps_gallery_images (v_dir, v_file, v_name, v_descr, n_order, b_show) values ('lasker', 'lasker-janovsky.jpg', null, null, 13, 1);
insert into ps_gallery_images (v_dir, v_file, v_name, v_descr, n_order, b_show) values ('lasker', 'lasker01-rf.jpg', null, null, 14, 1);
insert into ps_gallery_images (v_dir, v_file, v_name, v_descr, n_order, b_show) values ('lasker', 'lasker02.jpg', null, null, 15, 1);
insert into ps_gallery_images (v_dir, v_file, v_name, v_descr, n_order, b_show) values ('lasker', 'lasker08.jpg', null, null, 16, 1);
insert into ps_gallery_images (v_dir, v_file, v_name, v_descr, n_order, b_show) values ('lasker', 'lasker2.jpg', null, null, 17, 1);
insert into ps_gallery_images (v_dir, v_file, v_name, v_descr, n_order, b_show) values ('lasker', 'Lasker4.jpg', null, null, 18, 1);
insert into ps_gallery_images (v_dir, v_file, v_name, v_descr, n_order, b_show) values ('lasker', 'zFiles.aspx.jpeg', null, null, 19, 1);
insert into ps_gallery_images (v_dir, v_file, v_name, v_descr, n_order, b_show) values ('lasker', 'R24_12_03.jpg', null, null, 20, 1);
insert into ps_gallery_images (v_dir, v_file, v_name, v_descr, n_order, b_show) values ('smyslov', 'smyslov1-246x300.jpg', null, null, 1, 1);
insert into ps_gallery_images (v_dir, v_file, v_name, v_descr, n_order, b_show) values ('smyslov', 'smy.gif', null, null, 2, 1);
insert into ps_gallery_images (v_dir, v_file, v_name, v_descr, n_order, b_show) values ('smyslov', '96ae06422366.jpg', null, null, 3, 1);
insert into ps_gallery_images (v_dir, v_file, v_name, v_descr, n_order, b_show) values ('smyslov', 'cn4977_smyslov.jpg', null, null, 4, 1);
insert into ps_gallery_images (v_dir, v_file, v_name, v_descr, n_order, b_show) values ('smyslov', 'images.jpeg', null, null, 5, 1);
insert into ps_gallery_images (v_dir, v_file, v_name, v_descr, n_order, b_show) values ('smyslov', 'n809541.PNG', null, null, 6, 1);
insert into ps_gallery_images (v_dir, v_file, v_name, v_descr, n_order, b_show) values ('smyslov', 'smyslov.jpg', null, null, 7, 1);
insert into ps_gallery_images (v_dir, v_file, v_name, v_descr, n_order, b_show) values ('smyslov', 'smyslov01.jpg', null, null, 8, 1);
insert into ps_gallery_images (v_dir, v_file, v_name, v_descr, n_order, b_show) values ('smyslov', 'smyslov1.jpg', null, null, 9, 1);
insert into ps_gallery_images (v_dir, v_file, v_name, v_descr, n_order, b_show) values ('smyslov', 'SmyslovSasha-768092.jpg', null, null, 10, 1);
insert into ps_gallery_images (v_dir, v_file, v_name, v_descr, n_order, b_show) values ('smyslov', 'SmyslovVV.jpg', null, null, 11, 1);
insert into ps_gallery_images (v_dir, v_file, v_name, v_descr, n_order, b_show) values ('smyslov', 'SmyslovVV2.JPG', null, null, 12, 1);
insert into ps_gallery_images (v_dir, v_file, v_name, v_descr, n_order, b_show) values ('smyslov', 'Utrennik_Smyslov.jpg', null, null, 13, 1);
insert into ps_gallery_images (v_dir, v_file, v_name, v_descr, n_order, b_show) values ('smyslov', 'Smyslov2002.jpg', null, null, 14, 1);
insert into ps_gallery_images (v_dir, v_file, v_name, v_descr, n_order, b_show) values ('spasskiy', '54506432_Spasskiy.jpg', null, null, 1, 1);
insert into ps_gallery_images (v_dir, v_file, v_name, v_descr, n_order, b_show) values ('spasskiy', 'spassky.jpg', null, null, 2, 1);
insert into ps_gallery_images (v_dir, v_file, v_name, v_descr, n_order, b_show) values ('spasskiy', '157604355.JPG', null, null, 3, 1);
insert into ps_gallery_images (v_dir, v_file, v_name, v_descr, n_order, b_show) values ('spasskiy', 'Boris.jpg', null, null, 4, 1);
insert into ps_gallery_images (v_dir, v_file, v_name, v_descr, n_order, b_show) values ('spasskiy', 'Boris_Spassky_1983.jpg', null, null, 5, 1);
insert into ps_gallery_images (v_dir, v_file, v_name, v_descr, n_order, b_show) values ('spasskiy', '16.JPG', null, null, 6, 1);
insert into ps_gallery_images (v_dir, v_file, v_name, v_descr, n_order, b_show) values ('spasskiy', '29021_72452.jpg', null, null, 7, 1);
insert into ps_gallery_images (v_dir, v_file, v_name, v_descr, n_order, b_show) values ('spasskiy', '29021_72453.jpg', null, null, 8, 1);
insert into ps_gallery_images (v_dir, v_file, v_name, v_descr, n_order, b_show) values ('spasskiy', '29021_72454.jpg', null, null, 9, 1);
insert into ps_gallery_images (v_dir, v_file, v_name, v_descr, n_order, b_show) values ('spasskiy', '29021_72455.jpg', null, null, 10, 1);
insert into ps_gallery_images (v_dir, v_file, v_name, v_descr, n_order, b_show) values ('spasskiy', 'Boris_Spassky.jpg', null, null, 11, 1);
insert into ps_gallery_images (v_dir, v_file, v_name, v_descr, n_order, b_show) values ('spasskiy', 'spasskiy_201009231954540.jpg', null, null, 12, 1);
insert into ps_gallery_images (v_dir, v_file, v_name, v_descr, n_order, b_show) values ('spasskiy', 'spasskiy_boris.jpg', null, null, 13, 1);
insert into ps_gallery_images (v_dir, v_file, v_name, v_descr, n_order, b_show) values ('spasskiy', 'Spasski_1984_Saloniki.jpg', null, null, 14, 1);
insert into ps_gallery_images (v_dir, v_file, v_name, v_descr, n_order, b_show) values ('spasskiy', 'Spassky_Boris.jpg', null, null, 15, 1);
insert into ps_gallery_images (v_dir, v_file, v_name, v_descr, n_order, b_show) values ('spasskiy', 'spasskiy_2.jpg', null, null, 16, 1);
insert into ps_gallery_images (v_dir, v_file, v_name, v_descr, n_order, b_show) values ('tal', 'Mikhail_Tal_1968.jpg', null, null, 1, 1);
insert into ps_gallery_images (v_dir, v_file, v_name, v_descr, n_order, b_show) values ('tal', 'amazing_fun_weird_cool_bobby-fisher-mikhail-tal_200907240536322783.jpg', null, null, 2, 1);
insert into ps_gallery_images (v_dir, v_file, v_name, v_descr, n_order, b_show) values ('tal', 'bot_tal1.jpg', null, null, 3, 1);
insert into ps_gallery_images (v_dir, v_file, v_name, v_descr, n_order, b_show) values ('tal', 'DATA_PREV1998_pt7854.jpg', null, null, 4, 1);
insert into ps_gallery_images (v_dir, v_file, v_name, v_descr, n_order, b_show) values ('tal', 'diner.m.talj.big.jpg', null, null, 5, 1);
insert into ps_gallery_images (v_dir, v_file, v_name, v_descr, n_order, b_show) values ('tal', 'images.jpeg', null, null, 6, 1);
insert into ps_gallery_images (v_dir, v_file, v_name, v_descr, n_order, b_show) values ('tal', 'Michail Tal.jpg', null, null, 7, 1);
insert into ps_gallery_images (v_dir, v_file, v_name, v_descr, n_order, b_show) values ('tal', 'MikhailTal143.jpg', null, null, 8, 1);
insert into ps_gallery_images (v_dir, v_file, v_name, v_descr, n_order, b_show) values ('tal', 'sz12363304536af7.jpg', null, null, 9, 1);
insert into ps_gallery_images (v_dir, v_file, v_name, v_descr, n_order, b_show) values ('tal', 'ta1l.jpg', null, null, 10, 1);
insert into ps_gallery_images (v_dir, v_file, v_name, v_descr, n_order, b_show) values ('tal', 'Tal.jpg', null, null, 11, 1);
insert into ps_gallery_images (v_dir, v_file, v_name, v_descr, n_order, b_show) values ('tal', 'tal1.jpg', null, null, 12, 1);
insert into ps_gallery_images (v_dir, v_file, v_name, v_descr, n_order, b_show) values ('tal', 'talhist1.jpg', null, null, 13, 1);
insert into ps_gallery_images (v_dir, v_file, v_name, v_descr, n_order, b_show) values ('tal', 'talhist2.jpg', null, null, 14, 1);
insert into ps_gallery_images (v_dir, v_file, v_name, v_descr, n_order, b_show) values ('tal', 'talhist3.jpg', null, null, 15, 1);
insert into ps_gallery_images (v_dir, v_file, v_name, v_descr, n_order, b_show) values ('tal', 'talhist4.jpg', null, null, 16, 1);
insert into ps_gallery_images (v_dir, v_file, v_name, v_descr, n_order, b_show) values ('tal', 'tal_1960.jpg', null, null, 17, 1);
insert into ps_gallery_images (v_dir, v_file, v_name, v_descr, n_order, b_show) values ('tal', 'tal_1971.jpg', null, null, 18, 1);
insert into ps_gallery_images (v_dir, v_file, v_name, v_descr, n_order, b_show) values ('tal', 'Tal_Mikhael.jpg', null, null, 19, 1);
insert into ps_gallery_images (v_dir, v_file, v_name, v_descr, n_order, b_show) values ('petrosyan', 'petrosian.jpg', null, null, 1, 1);
insert into ps_gallery_images (v_dir, v_file, v_name, v_descr, n_order, b_show) values ('petrosyan', '1229250993_46.jpg', null, null, 2, 1);
insert into ps_gallery_images (v_dir, v_file, v_name, v_descr, n_order, b_show) values ('petrosyan', '16.jpg', null, null, 3, 1);
insert into ps_gallery_images (v_dir, v_file, v_name, v_descr, n_order, b_show) values ('petrosyan', 'potrosyan.jpg', null, null, 4, 0);
insert into ps_gallery_images (v_dir, v_file, v_name, v_descr, n_order, b_show) values ('petrosyan', '17.jpg', null, null, 5, 1);
insert into ps_gallery_images (v_dir, v_file, v_name, v_descr, n_order, b_show) values ('petrosyan', '174562404.jpg', null, null, 6, 1);
insert into ps_gallery_images (v_dir, v_file, v_name, v_descr, n_order, b_show) values ('petrosyan', '174619102.jpg', null, null, 7, 1);
insert into ps_gallery_images (v_dir, v_file, v_name, v_descr, n_order, b_show) values ('petrosyan', '18.jpg', null, null, 8, 1);
insert into ps_gallery_images (v_dir, v_file, v_name, v_descr, n_order, b_show) values ('petrosyan', '3254001_0.jpg', null, null, 9, 1);
insert into ps_gallery_images (v_dir, v_file, v_name, v_descr, n_order, b_show) values ('petrosyan', '359761028.JPG', null, null, 10, 1);
insert into ps_gallery_images (v_dir, v_file, v_name, v_descr, n_order, b_show) values ('petrosyan', '9721.gif', null, null, 11, 1);
insert into ps_gallery_images (v_dir, v_file, v_name, v_descr, n_order, b_show) values ('petrosyan', 'petrosian1.jpg', null, null, 12, 1);
insert into ps_gallery_images (v_dir, v_file, v_name, v_descr, n_order, b_show) values ('petrosyan', 'petrosyan-04122009150916H93_middle.jpg', null, null, 13, 1);
insert into ps_gallery_images (v_dir, v_file, v_name, v_descr, n_order, b_show) values ('petrosyan', 'h_f1dfe1776102828ca2049567b8e7cd6d.jpeg', null, null, 14, 1);
insert into ps_gallery_images (v_dir, v_file, v_name, v_descr, n_order, b_show) values ('petrosyan', 'petrosyan.jpg', null, null, 15, 1);
insert into ps_gallery_images (v_dir, v_file, v_name, v_descr, n_order, b_show) values ('petrosyan', 'post-31580-1247479724.jpg', null, null, 16, 1);
insert into ps_gallery_images (v_dir, v_file, v_name, v_descr, n_order, b_show) values ('petrosyan', 'RIAN_683498.jpg', null, null, 17, 1);
insert into ps_gallery_images (v_dir, v_file, v_name, v_descr, n_order, b_show) values ('petrosyan', 'tigranpetrosyan.jpg', null, null, 18, 1);
insert into ps_gallery_images (v_dir, v_file, v_name, v_descr, n_order, b_show) values ('petrosyan', 'tigranpetrosyan1.jpg', null, null, 19, 1);
insert into ps_gallery_images (v_dir, v_file, v_name, v_descr, n_order, b_show) values ('newton', '000076.jpg', null, null, 1, 1);
insert into ps_gallery_images (v_dir, v_file, v_name, v_descr, n_order, b_show) values ('newton', '51242377.jpg', null, null, 2, 1);
insert into ps_gallery_images (v_dir, v_file, v_name, v_descr, n_order, b_show) values ('newton', '525.jpg', null, null, 3, 1);
insert into ps_gallery_images (v_dir, v_file, v_name, v_descr, n_order, b_show) values ('newton', 'b0e751a5576a443b051ef5858fcdd7be.jpg', null, null, 4, 1);
insert into ps_gallery_images (v_dir, v_file, v_name, v_descr, n_order, b_show) values ('newton', 'image.axd.jpeg', null, null, 5, 1);
insert into ps_gallery_images (v_dir, v_file, v_name, v_descr, n_order, b_show) values ('newton', 'image034.jpg', null, null, 6, 1);
insert into ps_gallery_images (v_dir, v_file, v_name, v_descr, n_order, b_show) values ('newton', 'Isaac Newton.jpg', null, null, 7, 1);
insert into ps_gallery_images (v_dir, v_file, v_name, v_descr, n_order, b_show) values ('newton', 'Isaac-newton_1.jpg', null, null, 8, 1);
insert into ps_gallery_images (v_dir, v_file, v_name, v_descr, n_order, b_show) values ('newton', 'isaac_newton.jpg', null, null, 9, 1);
insert into ps_gallery_images (v_dir, v_file, v_name, v_descr, n_order, b_show) values ('newton', 'isaac_newton_22428_lg.gif', null, null, 10, 1);
insert into ps_gallery_images (v_dir, v_file, v_name, v_descr, n_order, b_show) values ('newton', 'newton.article.jpg', null, null, 11, 1);
insert into ps_gallery_images (v_dir, v_file, v_name, v_descr, n_order, b_show) values ('newton', 'Sir_Isaac_Newton.png', null, null, 12, 1);
insert into ps_gallery_images (v_dir, v_file, v_name, v_descr, n_order, b_show) values ('newton', 'vol3-401-Sir-Isaac-Newton-q75-484x500.jpg', null, null, 13, 1);
insert into ps_gallery_images (v_dir, v_file, v_name, v_descr, n_order, b_show) values ('pifagor', '1pifagor01.jpg', null, null, 1, 1);
insert into ps_gallery_images (v_dir, v_file, v_name, v_descr, n_order, b_show) values ('pifagor', '2pifagor.jpg', null, null, 2, 1);
insert into ps_gallery_images (v_dir, v_file, v_name, v_descr, n_order, b_show) values ('pifagor', '3pifagor.jpg', null, null, 3, 1);
insert into ps_gallery_images (v_dir, v_file, v_name, v_descr, n_order, b_show) values ('pifagor', '4.jpg', null, null, 4, 1);
insert into ps_gallery_images (v_dir, v_file, v_name, v_descr, n_order, b_show) values ('pifagor', '6a00d8345228bf69e200e551d3c3ac8834-800wi.jpg', null, null, 5, 1);
insert into ps_gallery_images (v_dir, v_file, v_name, v_descr, n_order, b_show) values ('pifagor', 'H4160201.jpg', null, null, 6, 1);
insert into ps_gallery_images (v_dir, v_file, v_name, v_descr, n_order, b_show) values ('pifagor', 'mathematicians.jpg', null, null, 7, 1);
insert into ps_gallery_images (v_dir, v_file, v_name, v_descr, n_order, b_show) values ('pifagor', 'Pifagor.jpg', null, null, 8, 1);
insert into ps_gallery_images (v_dir, v_file, v_name, v_descr, n_order, b_show) values ('pifagor', 'pifagor3.jpg', null, null, 9, 1);
insert into ps_gallery_images (v_dir, v_file, v_name, v_descr, n_order, b_show) values ('pifagor', 'pifagor[6].gif', null, null, 10, 1);
insert into ps_gallery_images (v_dir, v_file, v_name, v_descr, n_order, b_show) values ('pifagor', 'Pythagoras.jpg', null, null, 11, 1);
insert into ps_gallery_images (v_dir, v_file, v_name, v_descr, n_order, b_show) values ('pifagor', 'pythagoras3.jpg', null, null, 12, 1);
insert into ps_gallery_images (v_dir, v_file, v_name, v_descr, n_order, b_show) values ('pifagor', 'Pythagoras_.jpg', null, null, 13, 1);
insert into ps_gallery_images (v_dir, v_file, v_name, v_descr, n_order, b_show) values ('pifagor', 'Pythagore-chartres.jpg', null, null, 14, 1);
insert into ps_gallery_images (v_dir, v_file, v_name, v_descr, n_order, b_show) values ('pifagor', 'pyth_theano.gif', null, null, 15, 1);
insert into ps_gallery_images (v_dir, v_file, v_name, v_descr, n_order, b_show) values ('pifagor', 'statue_of_pythagoras_pythagorian_samos_greece_photo_dan_beamer.jpg', null, null, 16, 1);
insert into ps_gallery_images (v_dir, v_file, v_name, v_descr, n_order, b_show) values ('pifagor', 'universum.jpg', null, null, 17, 1);
insert into ps_gallery_images (v_dir, v_file, v_name, v_descr, n_order, b_show) values ('einstein', 'albert-einstein.jpg', null, null, 1, 1);
insert into ps_gallery_images (v_dir, v_file, v_name, v_descr, n_order, b_show) values ('einstein', 'einstein_580x.jpg', null, null, 2, 1);
insert into ps_gallery_images (v_dir, v_file, v_name, v_descr, n_order, b_show) values ('einstein', 'Albert-Einstein_large.jpg', null, null, 3, 1);
insert into ps_gallery_images (v_dir, v_file, v_name, v_descr, n_order, b_show) values ('einstein', 'AlbertEinstein.jpg', null, null, 4, 1);
insert into ps_gallery_images (v_dir, v_file, v_name, v_descr, n_order, b_show) values ('einstein', 'Albert_Einstein.jpg', null, null, 5, 1);
insert into ps_gallery_images (v_dir, v_file, v_name, v_descr, n_order, b_show) values ('einstein', 'apollo-einstein3.png', null, null, 6, 1);
insert into ps_gallery_images (v_dir, v_file, v_name, v_descr, n_order, b_show) values ('einstein', 'd2a2695a2e08ff404de6c4b0bc3b0634.jpg', null, null, 7, 1);
insert into ps_gallery_images (v_dir, v_file, v_name, v_descr, n_order, b_show) values ('einstein', 'Einstein staring picture.jpg', null, null, 8, 1);
insert into ps_gallery_images (v_dir, v_file, v_name, v_descr, n_order, b_show) values ('einstein', 'Einstein-739570.jpg', null, null, 9, 1);
insert into ps_gallery_images (v_dir, v_file, v_name, v_descr, n_order, b_show) values ('einstein', 'Einstein-at-blackboard-chalk-in-hand.jpg', null, null, 10, 1);
insert into ps_gallery_images (v_dir, v_file, v_name, v_descr, n_order, b_show) values ('einstein', 'einstein-on-bikes.jpg', null, null, 11, 1);
insert into ps_gallery_images (v_dir, v_file, v_name, v_descr, n_order, b_show) values ('einstein', 'einstein.jpg', null, null, 12, 1);
insert into ps_gallery_images (v_dir, v_file, v_name, v_descr, n_order, b_show) values ('einstein', 'einstein.png', null, null, 13, 1);
insert into ps_gallery_images (v_dir, v_file, v_name, v_descr, n_order, b_show) values ('einstein', 'einstein010.jpg', null, null, 14, 1);
insert into ps_gallery_images (v_dir, v_file, v_name, v_descr, n_order, b_show) values ('einstein', 'Einstein05.jpg', null, null, 15, 1);
insert into ps_gallery_images (v_dir, v_file, v_name, v_descr, n_order, b_show) values ('einstein', 'Einstein11.jpg', null, null, 16, 1);
insert into ps_gallery_images (v_dir, v_file, v_name, v_descr, n_order, b_show) values ('einstein', 'einstein111.jpg', null, null, 17, 1);
insert into ps_gallery_images (v_dir, v_file, v_name, v_descr, n_order, b_show) values ('einstein', 'einstein12.jpg', null, null, 18, 1);
insert into ps_gallery_images (v_dir, v_file, v_name, v_descr, n_order, b_show) values ('einstein', 'einstein2.jpg', null, null, 19, 1);
insert into ps_gallery_images (v_dir, v_file, v_name, v_descr, n_order, b_show) values ('einstein', 'einstein3.jpg', null, null, 20, 1);
insert into ps_gallery_images (v_dir, v_file, v_name, v_descr, n_order, b_show) values ('einstein', 'einstein4.jpg', null, null, 21, 1);
insert into ps_gallery_images (v_dir, v_file, v_name, v_descr, n_order, b_show) values ('einstein', 'einstein460x276.jpg', null, null, 22, 1);
insert into ps_gallery_images (v_dir, v_file, v_name, v_descr, n_order, b_show) values ('einstein', 'einsteinyoung.jpg', null, null, 23, 1);
insert into ps_gallery_images (v_dir, v_file, v_name, v_descr, n_order, b_show) values ('einstein', 'Einstein_portrait.jpg', null, null, 24, 1);
insert into ps_gallery_images (v_dir, v_file, v_name, v_descr, n_order, b_show) values ('einstein', '1102157000_einstein-albert.jpg', null, null, 25, 1);
insert into ps_gallery_images (v_dir, v_file, v_name, v_descr, n_order, b_show) values ('einstein', 'en.gif', null, null, 26, 1);
insert into ps_gallery_images (v_dir, v_file, v_name, v_descr, n_order, b_show) values ('einstein', 'yUZ85WWPD6Q.jpg', null, null, 27, 1);
insert into ps_gallery_images (v_dir, v_file, v_name, v_descr, n_order, b_show) values ('arhimed', '04-03.gif', null, null, 1, 1);
insert into ps_gallery_images (v_dir, v_file, v_name, v_descr, n_order, b_show) values ('arhimed', 'Archimed.jpg', null, null, 2, 1);
insert into ps_gallery_images (v_dir, v_file, v_name, v_descr, n_order, b_show) values ('arhimed', 'Archimedes.jpg', null, null, 3, 1);
insert into ps_gallery_images (v_dir, v_file, v_name, v_descr, n_order, b_show) values ('arhimed', 'Archimedes1.jpg', null, null, 4, 1);
insert into ps_gallery_images (v_dir, v_file, v_name, v_descr, n_order, b_show) values ('arhimed', 'archimedesscrewwiki.jpg', null, null, 5, 1);
insert into ps_gallery_images (v_dir, v_file, v_name, v_descr, n_order, b_show) values ('arhimed', 'Archimedes_and_burning_mirror.jpg', null, null, 6, 1);
insert into ps_gallery_images (v_dir, v_file, v_name, v_descr, n_order, b_show) values ('arhimed', 'Archimedes_lever_(Small).jpg', null, null, 7, 1);
insert into ps_gallery_images (v_dir, v_file, v_name, v_descr, n_order, b_show) values ('arhimed', 'Arhimed.jpg', null, null, 8, 1);
insert into ps_gallery_images (v_dir, v_file, v_name, v_descr, n_order, b_show) values ('arhimed', 'Domenico-Fetti_Archimedes_1620.jpg', null, null, 9, 1);
insert into ps_gallery_images (v_dir, v_file, v_name, v_descr, n_order, b_show) values ('arhimed', 'FieldsMedalFront.jpg', null, null, 10, 1);
insert into ps_gallery_images (v_dir, v_file, v_name, v_descr, n_order, b_show) values ('arhimed', 'image024.jpg', null, null, 11, 1);
insert into ps_gallery_images (v_dir, v_file, v_name, v_descr, n_order, b_show) values ('arhimed', 'o033.jpg', null, null, 12, 1);
insert into ps_gallery_images (v_dir, v_file, v_name, v_descr, n_order, b_show) values ('arhimed', '10-05.gif', null, null, 13, 1);
insert into ps_gallery_images (v_dir, v_file, v_name, v_descr, n_order, b_show) values ('euclide', '3.jpg', null, null, 1, 1);
insert into ps_gallery_images (v_dir, v_file, v_name, v_descr, n_order, b_show) values ('euclide', 'e1.JPG', null, null, 2, 1);
insert into ps_gallery_images (v_dir, v_file, v_name, v_descr, n_order, b_show) values ('euclide', 'e2.jpg', null, null, 3, 1);
insert into ps_gallery_images (v_dir, v_file, v_name, v_descr, n_order, b_show) values ('euclide', 'e3.jpg', null, null, 4, 1);
insert into ps_gallery_images (v_dir, v_file, v_name, v_descr, n_order, b_show) values ('euclide', 'eevklid.jpg', null, null, 5, 1);
insert into ps_gallery_images (v_dir, v_file, v_name, v_descr, n_order, b_show) values ('euclide', 'euclide.jpg', null, null, 6, 1);
insert into ps_gallery_images (v_dir, v_file, v_name, v_descr, n_order, b_show) values ('euclide', 'EuclidStatueOxford.jpg', null, null, 7, 1);
insert into ps_gallery_images (v_dir, v_file, v_name, v_descr, n_order, b_show) values ('euclide', 'Euklid-von-Alexandria_1.jpg', null, null, 8, 0);
insert into ps_gallery_images (v_dir, v_file, v_name, v_descr, n_order, b_show) values ('euclide', 'Euklid2.jpg', null, null, 9, 1);
insert into ps_gallery_images (v_dir, v_file, v_name, v_descr, n_order, b_show) values ('euclide', 'evklid.jpg', null, null, 10, 1);
insert into ps_gallery_images (v_dir, v_file, v_name, v_descr, n_order, b_show) values ('euclide', 'evklid_evklid_iz_megari3.jpg', null, null, 11, 1);
insert into ps_gallery_images (v_dir, v_file, v_name, v_descr, n_order, b_show) values ('euclide', 'w1225723606_2.jpg', null, null, 12, 1);
insert into ps_gallery_images (v_dir, v_file, v_name, v_descr, n_order, b_show) values ('alekhin', 'Aliochin_A.A._1909_Karl_Bulla.jpg', null, null, 1, 1);
insert into ps_gallery_images (v_dir, v_file, v_name, v_descr, n_order, b_show) values ('alekhin', 'voronkov22.jpg', null, null, 2, 1);
insert into ps_gallery_images (v_dir, v_file, v_name, v_descr, n_order, b_show) values ('alekhin', 'Alexandre_Alekhine_Color.jpg', null, null, 3, 1);
insert into ps_gallery_images (v_dir, v_file, v_name, v_descr, n_order, b_show) values ('alekhin', '28bb919fde9d.jpg', null, null, 4, 1);
insert into ps_gallery_images (v_dir, v_file, v_name, v_descr, n_order, b_show) values ('alekhin', '0016htze.jpeg', null, null, 5, 1);
insert into ps_gallery_images (v_dir, v_file, v_name, v_descr, n_order, b_show) values ('alekhin', '01Alehkine--.jpg', null, null, 6, 1);
insert into ps_gallery_images (v_dir, v_file, v_name, v_descr, n_order, b_show) values ('alekhin', '02Alekhin-Muenchen-1941.jpg', null, null, 7, 1);
insert into ps_gallery_images (v_dir, v_file, v_name, v_descr, n_order, b_show) values ('alekhin', '05alekhine3.jpg', null, null, 8, 1);
insert into ps_gallery_images (v_dir, v_file, v_name, v_descr, n_order, b_show) values ('alekhin', '36816814_hhhPamKotSHahmatuyAlyohinchess_1a.jpg', null, null, 9, 1);
insert into ps_gallery_images (v_dir, v_file, v_name, v_descr, n_order, b_show) values ('alekhin', '06AlekhineChess.jpg', null, null, 10, 1);
insert into ps_gallery_images (v_dir, v_file, v_name, v_descr, n_order, b_show) values ('alekhin', '45116254_Alekhin_Alexander.jpg', null, null, 11, 1);
insert into ps_gallery_images (v_dir, v_file, v_name, v_descr, n_order, b_show) values ('alekhin', '616022096.JPG', null, null, 12, 1);
insert into ps_gallery_images (v_dir, v_file, v_name, v_descr, n_order, b_show) values ('alekhin', 'alekhine.gif', null, null, 13, 1);
insert into ps_gallery_images (v_dir, v_file, v_name, v_descr, n_order, b_show) values ('alekhin', 'Alekhine_Euwe_1937.jpg', null, null, 14, 1);
insert into ps_gallery_images (v_dir, v_file, v_name, v_descr, n_order, b_show) values ('alekhin', 'alekhine.jpg', null, null, 15, 1);
insert into ps_gallery_images (v_dir, v_file, v_name, v_descr, n_order, b_show) values ('alekhin', 'alexandr_aliohin.jpg', null, null, 16, 1);
insert into ps_gallery_images (v_dir, v_file, v_name, v_descr, n_order, b_show) values ('alekhin', 'alexandr_aliohin_with_chess.jpg', null, null, 17, 1);
insert into ps_gallery_images (v_dir, v_file, v_name, v_descr, n_order, b_show) values ('alekhin', 'voronkov21.jpg', null, null, 18, 1);
insert into ps_gallery_images (v_dir, v_file, v_name, v_descr, n_order, b_show) values ('alekhin', 'voronkov23.jpg', null, null, 19, 1);
insert into ps_gallery_images (v_dir, v_file, v_name, v_descr, n_order, b_show) values ('alekhin', 'voronkov24.jpg', null, null, 20, 1);
insert into ps_gallery_images (v_dir, v_file, v_name, v_descr, n_order, b_show) values ('alekhin', 'voronkov25.jpg', null, null, 21, 1);
insert into ps_gallery_images (v_dir, v_file, v_name, v_descr, n_order, b_show) values ('alekhin', 'voronkov30.jpg', null, null, 22, 1);
insert into ps_gallery_images (v_dir, v_file, v_name, v_descr, n_order, b_show) values ('schwarzenegger', '0.jpg', null, null, 1, 1);
insert into ps_gallery_images (v_dir, v_file, v_name, v_descr, n_order, b_show) values ('schwarzenegger', '1.jpg', null, null, 2, 1);
insert into ps_gallery_images (v_dir, v_file, v_name, v_descr, n_order, b_show) values ('schwarzenegger', '2.jpg', null, null, 3, 1);
insert into ps_gallery_images (v_dir, v_file, v_name, v_descr, n_order, b_show) values ('schwarzenegger', '6.jpg', null, null, 4, 1);
insert into ps_gallery_images (v_dir, v_file, v_name, v_descr, n_order, b_show) values ('schwarzenegger', '21.jpg', null, null, 5, 1);
insert into ps_gallery_images (v_dir, v_file, v_name, v_descr, n_order, b_show) values ('schwarzenegger', '5.jpg', null, null, 6, 1);
insert into ps_gallery_images (v_dir, v_file, v_name, v_descr, n_order, b_show) values ('schwarzenegger', '3.jpg', null, null, 7, 1);
insert into ps_gallery_images (v_dir, v_file, v_name, v_descr, n_order, b_show) values ('schwarzenegger', '4.jpg', null, null, 8, 1);
insert into ps_gallery_images (v_dir, v_file, v_name, v_descr, n_order, b_show) values ('schwarzenegger', '30.jpg', null, null, 9, 1);
insert into ps_gallery_images (v_dir, v_file, v_name, v_descr, n_order, b_show) values ('schwarzenegger', '31.jpg', null, null, 10, 1);
insert into ps_gallery_images (v_dir, v_file, v_name, v_descr, n_order, b_show) values ('schwarzenegger', '425613_310234802363160_100001299281715_802820_341209736_n.jpg', null, null, 11, 1);
insert into ps_gallery_images (v_dir, v_file, v_name, v_descr, n_order, b_show) values ('schwarzenegger', '431082_2773442010493_1091313571_2030253_1913633619_n.jpg', null, null, 12, 1);
insert into ps_gallery_images (v_dir, v_file, v_name, v_descr, n_order, b_show) values ('schwarzenegger', '6492_264295490104_261314600104_8190600_6922428_n.jpg', null, null, 13, 1);
insert into ps_gallery_images (v_dir, v_file, v_name, v_descr, n_order, b_show) values ('schwarzenegger', '7.jpg', null, null, 14, 1);
insert into ps_gallery_images (v_dir, v_file, v_name, v_descr, n_order, b_show) values ('schwarzenegger', '777711.jpg', null, null, 15, 1);
insert into ps_gallery_images (v_dir, v_file, v_name, v_descr, n_order, b_show) values ('schwarzenegger', '8.jpg', null, null, 16, 1);
insert into ps_gallery_images (v_dir, v_file, v_name, v_descr, n_order, b_show) values ('schwarzenegger', '88ccd1eeedc4ab20-large.jpg', null, null, 17, 1);
insert into ps_gallery_images (v_dir, v_file, v_name, v_descr, n_order, b_show) values ('schwarzenegger', '9.jpg', null, null, 18, 1);
insert into ps_gallery_images (v_dir, v_file, v_name, v_descr, n_order, b_show) values ('schwarzenegger', '90352259.jpg', null, null, 19, 1);
insert into ps_gallery_images (v_dir, v_file, v_name, v_descr, n_order, b_show) values ('schwarzenegger', 'AllDay.ru_46.jpg', null, null, 20, 1);
insert into ps_gallery_images (v_dir, v_file, v_name, v_descr, n_order, b_show) values ('schwarzenegger', 'ar381.jpg', null, null, 21, 1);
insert into ps_gallery_images (v_dir, v_file, v_name, v_descr, n_order, b_show) values ('schwarzenegger', 'Arn113bg.jpg', null, null, 22, 1);
insert into ps_gallery_images (v_dir, v_file, v_name, v_descr, n_order, b_show) values ('schwarzenegger', 'Arn13.jpg', null, null, 23, 1);
insert into ps_gallery_images (v_dir, v_file, v_name, v_descr, n_order, b_show) values ('schwarzenegger', 'arni.jpg', null, null, 24, 1);
insert into ps_gallery_images (v_dir, v_file, v_name, v_descr, n_order, b_show) values ('schwarzenegger', 'Arnold Schwarzenegger (7).jpg', null, null, 25, 1);
insert into ps_gallery_images (v_dir, v_file, v_name, v_descr, n_order, b_show) values ('schwarzenegger', 'arnold schwarzenegger bodybuilding photos_on3.jpg', null, null, 26, 1);
insert into ps_gallery_images (v_dir, v_file, v_name, v_descr, n_order, b_show) values ('schwarzenegger', 'arnold schwarzenegger bodybuilding photos_on4.png', null, null, 27, 1);
insert into ps_gallery_images (v_dir, v_file, v_name, v_descr, n_order, b_show) values ('schwarzenegger', 'Arnold Schwarzenegger Bodybuilding Wallpaper-26.JPG', null, null, 28, 1);
insert into ps_gallery_images (v_dir, v_file, v_name, v_descr, n_order, b_show) values ('schwarzenegger', 'Arnold Schwarzenegger Bodybuilding Wallpapers-8.jpg', null, null, 29, 1);
insert into ps_gallery_images (v_dir, v_file, v_name, v_descr, n_order, b_show) values ('schwarzenegger', 'Arnold+Schwarzenegger.jpg', null, null, 30, 1);
insert into ps_gallery_images (v_dir, v_file, v_name, v_descr, n_order, b_show) values ('schwarzenegger', 'Arnold-03.jpg', null, null, 31, 1);
insert into ps_gallery_images (v_dir, v_file, v_name, v_descr, n_order, b_show) values ('schwarzenegger', 'Arnold-Classic-Workout-06.jpg', null, null, 32, 1);
insert into ps_gallery_images (v_dir, v_file, v_name, v_descr, n_order, b_show) values ('schwarzenegger', 'Arnold-Classic-Workout-Dont-even-try-to-catch-me-09.jpg', null, null, 33, 1);
insert into ps_gallery_images (v_dir, v_file, v_name, v_descr, n_order, b_show) values ('schwarzenegger', 'arnold-schwarzenegger-010.jpg', null, null, 34, 1);
insert into ps_gallery_images (v_dir, v_file, v_name, v_descr, n_order, b_show) values ('schwarzenegger', 'arnold-schwarzenegger-019.jpg', null, null, 35, 1);
insert into ps_gallery_images (v_dir, v_file, v_name, v_descr, n_order, b_show) values ('schwarzenegger', 'arnold-schwarzenegger-037.jpg', null, null, 36, 1);
insert into ps_gallery_images (v_dir, v_file, v_name, v_descr, n_order, b_show) values ('schwarzenegger', 'arnold-schwarzenegger-041.jpg', null, null, 37, 1);
insert into ps_gallery_images (v_dir, v_file, v_name, v_descr, n_order, b_show) values ('schwarzenegger', 'arnold-schwarzenegger-060.jpg', null, null, 38, 1);
insert into ps_gallery_images (v_dir, v_file, v_name, v_descr, n_order, b_show) values ('schwarzenegger', 'arnold-schwarzenegger-068.jpg', null, null, 39, 1);
insert into ps_gallery_images (v_dir, v_file, v_name, v_descr, n_order, b_show) values ('schwarzenegger', 'arnold-schwarzenegger-073.jpg', null, null, 40, 1);
insert into ps_gallery_images (v_dir, v_file, v_name, v_descr, n_order, b_show) values ('schwarzenegger', 'arnold-schwarzenegger-089.jpg', null, null, 41, 1);
insert into ps_gallery_images (v_dir, v_file, v_name, v_descr, n_order, b_show) values ('schwarzenegger', 'arnold-schwarzenegger-big.jpg', null, null, 42, 1);
insert into ps_gallery_images (v_dir, v_file, v_name, v_descr, n_order, b_show) values ('schwarzenegger', 'arnold-schwarzenegger-body.jpg', null, null, 43, 1);
insert into ps_gallery_images (v_dir, v_file, v_name, v_descr, n_order, b_show) values ('schwarzenegger', 'arnold-schwarzenegger-bodybuilding-pic.jpg', null, null, 44, 1);
insert into ps_gallery_images (v_dir, v_file, v_name, v_descr, n_order, b_show) values ('schwarzenegger', 'Arnold-Schwarzenegger-Bodybuilding-Wallpaper-34.jpg', null, null, 45, 1);
insert into ps_gallery_images (v_dir, v_file, v_name, v_descr, n_order, b_show) values ('schwarzenegger', 'arnold-schwarzenegger-commercials-1.png', null, null, 46, 1);
insert into ps_gallery_images (v_dir, v_file, v_name, v_descr, n_order, b_show) values ('schwarzenegger', 'arnold-schwarzenegger-commercials-2.png', null, null, 47, 1);
insert into ps_gallery_images (v_dir, v_file, v_name, v_descr, n_order, b_show) values ('schwarzenegger', 'arnold-schwarzenegger-fitness-legend.jpg', null, null, 48, 1);
insert into ps_gallery_images (v_dir, v_file, v_name, v_descr, n_order, b_show) values ('schwarzenegger', 'Arnold-Schwarzenegger-predator.jpg', null, null, 49, 1);
insert into ps_gallery_images (v_dir, v_file, v_name, v_descr, n_order, b_show) values ('schwarzenegger', 'arnold-schwarzenegger-training-photos-11.png', null, null, 50, 1);
insert into ps_gallery_images (v_dir, v_file, v_name, v_descr, n_order, b_show) values ('schwarzenegger', 'arnold-schwarzenegger-training-photos-9.png', null, null, 51, 1);
insert into ps_gallery_images (v_dir, v_file, v_name, v_descr, n_order, b_show) values ('schwarzenegger', 'arnold-schwarzenegger.jpg', null, null, 52, 1);
insert into ps_gallery_images (v_dir, v_file, v_name, v_descr, n_order, b_show) values ('schwarzenegger', 'Arnold-Schwarzenegger1.jpg', null, null, 53, 1);
insert into ps_gallery_images (v_dir, v_file, v_name, v_descr, n_order, b_show) values ('schwarzenegger', 'arnold-schwarzenegger1715s.jpg', null, null, 54, 1);
insert into ps_gallery_images (v_dir, v_file, v_name, v_descr, n_order, b_show) values ('schwarzenegger', 'arnold-schwarzenegger5.jpg', null, null, 55, 1);
insert into ps_gallery_images (v_dir, v_file, v_name, v_descr, n_order, b_show) values ('schwarzenegger', 'arnold-v-molodosti_26421_s__10.jpg', null, null, 56, 1);
insert into ps_gallery_images (v_dir, v_file, v_name, v_descr, n_order, b_show) values ('schwarzenegger', 'arnold-v-molodosti_26421_s__11.jpg', null, null, 57, 1);
insert into ps_gallery_images (v_dir, v_file, v_name, v_descr, n_order, b_show) values ('schwarzenegger', 'arnold-v-molodosti_26421_s__13.jpg', null, null, 58, 1);
insert into ps_gallery_images (v_dir, v_file, v_name, v_descr, n_order, b_show) values ('schwarzenegger', 'arnold-v-molodosti_26421_s__15.jpg', null, null, 59, 1);
insert into ps_gallery_images (v_dir, v_file, v_name, v_descr, n_order, b_show) values ('schwarzenegger', 'arnold-v-molodosti_26421_s__16.jpg', null, null, 60, 1);
insert into ps_gallery_images (v_dir, v_file, v_name, v_descr, n_order, b_show) values ('schwarzenegger', 'arnold-v-molodosti_26421_s__17.jpg', null, null, 61, 1);
insert into ps_gallery_images (v_dir, v_file, v_name, v_descr, n_order, b_show) values ('schwarzenegger', 'arnold-v-molodosti_26421_s__19.jpg', null, null, 62, 1);
insert into ps_gallery_images (v_dir, v_file, v_name, v_descr, n_order, b_show) values ('schwarzenegger', 'arnold-v-molodosti_26421_s__20.jpg', null, null, 63, 1);
insert into ps_gallery_images (v_dir, v_file, v_name, v_descr, n_order, b_show) values ('schwarzenegger', 'arnold-v-molodosti_26421_s__21.jpg', null, null, 64, 1);
insert into ps_gallery_images (v_dir, v_file, v_name, v_descr, n_order, b_show) values ('schwarzenegger', 'arnold-v-molodosti_26421_s__22.jpg', null, null, 65, 1);
insert into ps_gallery_images (v_dir, v_file, v_name, v_descr, n_order, b_show) values ('schwarzenegger', 'arnold-v-molodosti_26421_s__23.jpg', null, null, 66, 1);
insert into ps_gallery_images (v_dir, v_file, v_name, v_descr, n_order, b_show) values ('schwarzenegger', 'arnold-v-molodosti_26421_s__25.jpg', null, null, 67, 1);
insert into ps_gallery_images (v_dir, v_file, v_name, v_descr, n_order, b_show) values ('schwarzenegger', 'arnold-v-molodosti_26421_s__26.jpg', null, null, 68, 1);
insert into ps_gallery_images (v_dir, v_file, v_name, v_descr, n_order, b_show) values ('schwarzenegger', 'arnold-v-molodosti_26421_s__27.jpg', null, null, 69, 1);
insert into ps_gallery_images (v_dir, v_file, v_name, v_descr, n_order, b_show) values ('schwarzenegger', 'arnold-v-molodosti_26421_s__28.jpg', null, null, 70, 1);
insert into ps_gallery_images (v_dir, v_file, v_name, v_descr, n_order, b_show) values ('schwarzenegger', 'arnold-v-molodosti_26421_s__29.jpg', null, null, 71, 1);
insert into ps_gallery_images (v_dir, v_file, v_name, v_descr, n_order, b_show) values ('schwarzenegger', 'arnold-v-molodosti_26421_s__3.jpg', null, null, 72, 1);
insert into ps_gallery_images (v_dir, v_file, v_name, v_descr, n_order, b_show) values ('schwarzenegger', 'arnold-v-molodosti_26421_s__30.jpg', null, null, 73, 1);
insert into ps_gallery_images (v_dir, v_file, v_name, v_descr, n_order, b_show) values ('schwarzenegger', 'arnold-v-molodosti_26421_s__31.jpg', null, null, 74, 1);
insert into ps_gallery_images (v_dir, v_file, v_name, v_descr, n_order, b_show) values ('schwarzenegger', 'arnold-v-molodosti_26421_s__32.jpg', null, null, 75, 1);
insert into ps_gallery_images (v_dir, v_file, v_name, v_descr, n_order, b_show) values ('schwarzenegger', 'arnold-v-molodosti_26421_s__33.jpg', null, null, 76, 1);
insert into ps_gallery_images (v_dir, v_file, v_name, v_descr, n_order, b_show) values ('schwarzenegger', 'arnold-v-molodosti_26421_s__34.jpg', null, null, 77, 1);
insert into ps_gallery_images (v_dir, v_file, v_name, v_descr, n_order, b_show) values ('schwarzenegger', 'arnold-v-molodosti_26421_s__35.jpg', null, null, 78, 1);
insert into ps_gallery_images (v_dir, v_file, v_name, v_descr, n_order, b_show) values ('schwarzenegger', 'arnold-v-molodosti_26421_s__36.jpg', null, null, 79, 1);
insert into ps_gallery_images (v_dir, v_file, v_name, v_descr, n_order, b_show) values ('schwarzenegger', 'arnold-v-molodosti_26421_s__37.jpg', null, null, 80, 1);
insert into ps_gallery_images (v_dir, v_file, v_name, v_descr, n_order, b_show) values ('schwarzenegger', 'arnold-v-molodosti_26421_s__38.jpg', null, null, 81, 1);
insert into ps_gallery_images (v_dir, v_file, v_name, v_descr, n_order, b_show) values ('schwarzenegger', 'arnold-v-molodosti_26421_s__39.jpg', null, null, 82, 1);
insert into ps_gallery_images (v_dir, v_file, v_name, v_descr, n_order, b_show) values ('schwarzenegger', 'arnold-v-molodosti_26421_s__4.jpg', null, null, 83, 1);
insert into ps_gallery_images (v_dir, v_file, v_name, v_descr, n_order, b_show) values ('schwarzenegger', 'arnold-v-molodosti_26421_s__40.jpg', null, null, 84, 1);
insert into ps_gallery_images (v_dir, v_file, v_name, v_descr, n_order, b_show) values ('schwarzenegger', 'arnold-v-molodosti_26421_s__42.jpg', null, null, 85, 1);
insert into ps_gallery_images (v_dir, v_file, v_name, v_descr, n_order, b_show) values ('schwarzenegger', 'arnold-v-molodosti_26421_s__43.jpg', null, null, 86, 1);
insert into ps_gallery_images (v_dir, v_file, v_name, v_descr, n_order, b_show) values ('schwarzenegger', 'arnold-v-molodosti_26421_s__44.jpg', null, null, 87, 1);
insert into ps_gallery_images (v_dir, v_file, v_name, v_descr, n_order, b_show) values ('schwarzenegger', 'arnold-v-molodosti_26421_s__47.jpg', null, null, 88, 1);
insert into ps_gallery_images (v_dir, v_file, v_name, v_descr, n_order, b_show) values ('schwarzenegger', 'arnold-v-molodosti_26421_s__48.jpg', null, null, 89, 1);
insert into ps_gallery_images (v_dir, v_file, v_name, v_descr, n_order, b_show) values ('schwarzenegger', 'arnold-v-molodosti_26421_s__49.jpg', null, null, 90, 1);
insert into ps_gallery_images (v_dir, v_file, v_name, v_descr, n_order, b_show) values ('schwarzenegger', 'arnold-v-molodosti_26421_s__50.jpg', null, null, 91, 1);
insert into ps_gallery_images (v_dir, v_file, v_name, v_descr, n_order, b_show) values ('schwarzenegger', 'arnold-v-molodosti_26421_s__51.jpg', null, null, 92, 1);
insert into ps_gallery_images (v_dir, v_file, v_name, v_descr, n_order, b_show) values ('schwarzenegger', 'arnold-v-molodosti_26421_s__52.jpg', null, null, 93, 1);
insert into ps_gallery_images (v_dir, v_file, v_name, v_descr, n_order, b_show) values ('schwarzenegger', 'arnold-v-molodosti_26421_s__53.jpg', null, null, 94, 1);
insert into ps_gallery_images (v_dir, v_file, v_name, v_descr, n_order, b_show) values ('schwarzenegger', 'arnold-v-molodosti_26421_s__54.jpg', null, null, 95, 1);
insert into ps_gallery_images (v_dir, v_file, v_name, v_descr, n_order, b_show) values ('schwarzenegger', 'arnold-v-molodosti_26421_s__56.jpg', null, null, 96, 1);
insert into ps_gallery_images (v_dir, v_file, v_name, v_descr, n_order, b_show) values ('schwarzenegger', 'arnold-v-molodosti_26421_s__57.jpg', null, null, 97, 1);
insert into ps_gallery_images (v_dir, v_file, v_name, v_descr, n_order, b_show) values ('schwarzenegger', 'arnold-v-molodosti_26421_s__59.jpg', null, null, 98, 1);
insert into ps_gallery_images (v_dir, v_file, v_name, v_descr, n_order, b_show) values ('schwarzenegger', 'arnold-v-molodosti_26421_s__60.jpg', null, null, 99, 1);
insert into ps_gallery_images (v_dir, v_file, v_name, v_descr, n_order, b_show) values ('schwarzenegger', 'arnold-v-molodosti_26421_s__61.jpg', null, null, 100, 1);
insert into ps_gallery_images (v_dir, v_file, v_name, v_descr, n_order, b_show) values ('schwarzenegger', 'arnold-v-molodosti_26421_s__62.jpg', null, null, 101, 1);
insert into ps_gallery_images (v_dir, v_file, v_name, v_descr, n_order, b_show) values ('schwarzenegger', 'arnold-v-molodosti_26421_s__63.jpg', null, null, 102, 1);
insert into ps_gallery_images (v_dir, v_file, v_name, v_descr, n_order, b_show) values ('schwarzenegger', 'arnold-v-molodosti_26421_s__64.jpg', null, null, 103, 1);
insert into ps_gallery_images (v_dir, v_file, v_name, v_descr, n_order, b_show) values ('schwarzenegger', 'arnold-v-molodosti_26421_s__66.jpg', null, null, 104, 1);
insert into ps_gallery_images (v_dir, v_file, v_name, v_descr, n_order, b_show) values ('schwarzenegger', 'arnold-v-molodosti_26421_s__68.jpg', null, null, 105, 1);
insert into ps_gallery_images (v_dir, v_file, v_name, v_descr, n_order, b_show) values ('schwarzenegger', 'arnold-v-molodosti_26421_s__7.jpg', null, null, 106, 1);
insert into ps_gallery_images (v_dir, v_file, v_name, v_descr, n_order, b_show) values ('schwarzenegger', 'arnold-v-molodosti_26421_s__70.jpg', null, null, 107, 1);
insert into ps_gallery_images (v_dir, v_file, v_name, v_descr, n_order, b_show) values ('schwarzenegger', 'arnold-v-molodosti_26421_s__72.jpg', null, null, 108, 1);
insert into ps_gallery_images (v_dir, v_file, v_name, v_descr, n_order, b_show) values ('schwarzenegger', 'arnold-v-molodosti_26421_s__73.jpg', null, null, 109, 1);
insert into ps_gallery_images (v_dir, v_file, v_name, v_descr, n_order, b_show) values ('schwarzenegger', 'arnold-v-molodosti_26421_s__74.jpg', null, null, 110, 1);
insert into ps_gallery_images (v_dir, v_file, v_name, v_descr, n_order, b_show) values ('schwarzenegger', 'arnold-v-molodosti_26421_s__75.jpg', null, null, 111, 1);
insert into ps_gallery_images (v_dir, v_file, v_name, v_descr, n_order, b_show) values ('schwarzenegger', 'arnold-v-molodosti_26421_s__76.jpg', null, null, 112, 1);
insert into ps_gallery_images (v_dir, v_file, v_name, v_descr, n_order, b_show) values ('schwarzenegger', 'arnold-v-molodosti_26421_s__77.jpg', null, null, 113, 1);
insert into ps_gallery_images (v_dir, v_file, v_name, v_descr, n_order, b_show) values ('schwarzenegger', 'arnold-v-molodosti_26421_s__78.jpg', null, null, 114, 1);
insert into ps_gallery_images (v_dir, v_file, v_name, v_descr, n_order, b_show) values ('schwarzenegger', 'arnold-v-molodosti_26421_s__8.jpg', null, null, 115, 1);
insert into ps_gallery_images (v_dir, v_file, v_name, v_descr, n_order, b_show) values ('schwarzenegger', 'arnold-v-molodosti_26421_s__81.jpg', null, null, 116, 1);
insert into ps_gallery_images (v_dir, v_file, v_name, v_descr, n_order, b_show) values ('schwarzenegger', 'arnold-v-molodosti_26421_s__82.jpg', null, null, 117, 1);
insert into ps_gallery_images (v_dir, v_file, v_name, v_descr, n_order, b_show) values ('schwarzenegger', 'arnold-v-molodosti_26421_s__83.jpg', null, null, 118, 1);
insert into ps_gallery_images (v_dir, v_file, v_name, v_descr, n_order, b_show) values ('schwarzenegger', 'arnold-v-molodosti_26421_s__84.jpg', null, null, 119, 1);
insert into ps_gallery_images (v_dir, v_file, v_name, v_descr, n_order, b_show) values ('schwarzenegger', 'arnold-v-molodosti_26421_s__85.jpg', null, null, 120, 1);
insert into ps_gallery_images (v_dir, v_file, v_name, v_descr, n_order, b_show) values ('schwarzenegger', 'arnold-v-molodosti_26421_s__87.jpg', null, null, 121, 1);
insert into ps_gallery_images (v_dir, v_file, v_name, v_descr, n_order, b_show) values ('schwarzenegger', 'arnold-v-molodosti_26421_s__89.jpg', null, null, 122, 1);
insert into ps_gallery_images (v_dir, v_file, v_name, v_descr, n_order, b_show) values ('schwarzenegger', 'arnold-v-molodosti_26421_s__90.jpg', null, null, 123, 1);
insert into ps_gallery_images (v_dir, v_file, v_name, v_descr, n_order, b_show) values ('schwarzenegger', 'arnold-v-molodosti_26421_s__93.jpg', null, null, 124, 1);
insert into ps_gallery_images (v_dir, v_file, v_name, v_descr, n_order, b_show) values ('schwarzenegger', 'arnold-v-molodosti_26421_s__94.jpg', null, null, 125, 1);
insert into ps_gallery_images (v_dir, v_file, v_name, v_descr, n_order, b_show) values ('schwarzenegger', 'arnold-v-molodosti_26421_s__95.jpg', null, null, 126, 1);
insert into ps_gallery_images (v_dir, v_file, v_name, v_descr, n_order, b_show) values ('schwarzenegger', 'arnold-v-molodosti_26421_s__96.jpg', null, null, 127, 1);
insert into ps_gallery_images (v_dir, v_file, v_name, v_descr, n_order, b_show) values ('schwarzenegger', 'arnold-v-molodosti_26421_s__97.jpg', null, null, 128, 1);
insert into ps_gallery_images (v_dir, v_file, v_name, v_descr, n_order, b_show) values ('schwarzenegger', 'arnold.jpg', null, null, 129, 1);
insert into ps_gallery_images (v_dir, v_file, v_name, v_descr, n_order, b_show) values ('schwarzenegger', 'arnold12.jpg', null, null, 130, 1);
insert into ps_gallery_images (v_dir, v_file, v_name, v_descr, n_order, b_show) values ('schwarzenegger', 'arnold13.jpg', null, null, 131, 1);
insert into ps_gallery_images (v_dir, v_file, v_name, v_descr, n_order, b_show) values ('schwarzenegger', 'arnold18.jpg', null, null, 132, 1);
insert into ps_gallery_images (v_dir, v_file, v_name, v_descr, n_order, b_show) values ('schwarzenegger', 'arnold20.jpg', null, null, 133, 1);
insert into ps_gallery_images (v_dir, v_file, v_name, v_descr, n_order, b_show) values ('schwarzenegger', 'arnold6.jpg', null, null, 134, 1);
insert into ps_gallery_images (v_dir, v_file, v_name, v_descr, n_order, b_show) values ('schwarzenegger', 'arnold61.jpg', null, null, 135, 1);
insert into ps_gallery_images (v_dir, v_file, v_name, v_descr, n_order, b_show) values ('schwarzenegger', 'ArnoldSchwarzeneggerWorkout.jpg', null, null, 136, 0);
insert into ps_gallery_images (v_dir, v_file, v_name, v_descr, n_order, b_show) values ('schwarzenegger', 'ArnoldSchwarznegger-eMMP-Unk-459.jpg', null, null, 137, 1);
insert into ps_gallery_images (v_dir, v_file, v_name, v_descr, n_order, b_show) values ('schwarzenegger', 'arnold_2005.jpg', null, null, 138, 1);
insert into ps_gallery_images (v_dir, v_file, v_name, v_descr, n_order, b_show) values ('schwarzenegger', 'Arnold_Body_Building.jpg', null, null, 139, 1);
insert into ps_gallery_images (v_dir, v_file, v_name, v_descr, n_order, b_show) values ('schwarzenegger', 'Arnold_Schwarzenegger_1918.jpg', null, null, 140, 1);
insert into ps_gallery_images (v_dir, v_file, v_name, v_descr, n_order, b_show) values ('schwarzenegger', 'Arnold_Schwarzenegger_4.jpg', null, null, 141, 1);
insert into ps_gallery_images (v_dir, v_file, v_name, v_descr, n_order, b_show) values ('schwarzenegger', 'Arnold_Schwarzenegger_657.jpg', null, null, 142, 1);
insert into ps_gallery_images (v_dir, v_file, v_name, v_descr, n_order, b_show) values ('schwarzenegger', 'Arnold_Schwarzenegger_660.jpg', null, null, 143, 1);
insert into ps_gallery_images (v_dir, v_file, v_name, v_descr, n_order, b_show) values ('schwarzenegger', 'Arnold_Schwarzenegger_661.jpg', null, null, 144, 1);
insert into ps_gallery_images (v_dir, v_file, v_name, v_descr, n_order, b_show) values ('schwarzenegger', 'Arnold_Schwarzenegger_662.jpg', null, null, 145, 1);
insert into ps_gallery_images (v_dir, v_file, v_name, v_descr, n_order, b_show) values ('schwarzenegger', 'Arnold_Schwarzenegger_663.jpg', null, null, 146, 1);
insert into ps_gallery_images (v_dir, v_file, v_name, v_descr, n_order, b_show) values ('schwarzenegger', 'arnold_shvartsenegger37.jpg', null, null, 147, 1);
insert into ps_gallery_images (v_dir, v_file, v_name, v_descr, n_order, b_show) values ('schwarzenegger', 'bodybuilding-pics-arnold-schwarzenegger-1379.jpg', null, null, 148, 1);
insert into ps_gallery_images (v_dir, v_file, v_name, v_descr, n_order, b_show) values ('schwarzenegger', 'bodybuildinghistory_arnold1.jpg', null, null, 149, 1);
insert into ps_gallery_images (v_dir, v_file, v_name, v_descr, n_order, b_show) values ('schwarzenegger', 'Body_Building_Arnold_Schwarzenegger_14.jpg', null, null, 150, 1);
insert into ps_gallery_images (v_dir, v_file, v_name, v_descr, n_order, b_show) values ('schwarzenegger', 'b_23531.jpg', null, null, 151, 1);
insert into ps_gallery_images (v_dir, v_file, v_name, v_descr, n_order, b_show) values ('schwarzenegger', 'b_23536.jpg', null, null, 152, 1);
insert into ps_gallery_images (v_dir, v_file, v_name, v_descr, n_order, b_show) values ('schwarzenegger', 'conan-arnold-schwarzenegger.jpg', null, null, 153, 1);
insert into ps_gallery_images (v_dir, v_file, v_name, v_descr, n_order, b_show) values ('schwarzenegger', 'f_18245663.jpg', null, null, 154, 1);
insert into ps_gallery_images (v_dir, v_file, v_name, v_descr, n_order, b_show) values ('schwarzenegger', 'lvyfsi.jpg', null, null, 155, 1);
insert into ps_gallery_images (v_dir, v_file, v_name, v_descr, n_order, b_show) values ('schwarzenegger', 'Schawrzy5.jpg', null, null, 156, 1);
insert into ps_gallery_images (v_dir, v_file, v_name, v_descr, n_order, b_show) values ('schwarzenegger', 'schw.jpg', null, null, 157, 1);
insert into ps_gallery_images (v_dir, v_file, v_name, v_descr, n_order, b_show) values ('schwarzenegger', 'Schwarzenegger-Wallpaper.jpg', null, null, 158, 1);
insert into ps_gallery_images (v_dir, v_file, v_name, v_descr, n_order, b_show) values ('schwarzenegger', 'schwarzenegger14.jpg', null, null, 159, 1);
insert into ps_gallery_images (v_dir, v_file, v_name, v_descr, n_order, b_show) values ('schwarzenegger', 'sport247.jpg', null, null, 160, 1);
insert into ps_gallery_images (v_dir, v_file, v_name, v_descr, n_order, b_show) values ('schwarzenegger', 'split_arni.jpg', null, null, 161, 1);
insert into ps_gallery_images (v_dir, v_file, v_name, v_descr, n_order, b_show) values ('schwarzenegger', '42539051661.jpg', null, null, 162, 1);
insert into ps_gallery_images (v_dir, v_file, v_name, v_descr, n_order, b_show) values ('schwarzenegger', 'd5a2d20a496eb38c2d385129b0236ad2.jpg', null, null, 163, 1);
insert into ps_gallery_images (v_dir, v_file, v_name, v_descr, n_order, b_show) values ('schwarzenegger', 'FranchGymShvarc.jpg', null, null, 164, 1);
insert into ps_gallery_images (v_dir, v_file, v_name, v_descr, n_order, b_show) values ('schwarzenegger', 'Kak-nakachat-biceps-bystro-metodika-Arnolda-Shvarceneggera.jpg', null, null, 165, 1);
insert into ps_gallery_images (v_dir, v_file, v_name, v_descr, n_order, b_show) values ('schwarzenegger', 'm383.jpg', null, null, 166, 1);

/*
 * + FILE [ps_inflects.sql]
 */
insert into ps_inflects (v_word, v_var1, v_var2, v_var3, v_var4, v_var5, v_var6) values ('Выпуск журнала', 'Выпуск журнала', 'Выпуска журнала', 'Выпуску журнала', 'Выпуска журнала', 'Выпуском журнала', 'Выпуске журнала');
insert into ps_inflects (v_word, v_var1, v_var2, v_var3, v_var4, v_var5, v_var6) values ('Пост', 'Пост', 'Поста', 'Посту', 'Поста', 'Постом', 'Посте');
insert into ps_inflects (v_word, v_var1, v_var2, v_var3, v_var4, v_var5, v_var6) values ('Рубрика', 'Рубрика', 'Рубрики', 'Рубрике', 'Рубрику', 'Рубрикой', 'Рубрике');
insert into ps_inflects (v_word, v_var1, v_var2, v_var3, v_var4, v_var5, v_var6) values ('Урок', 'Урок', 'Урока', 'Уроку', 'Урока', 'Уроком', 'Уроке');
insert into ps_inflects (v_word, v_var1, v_var2, v_var3, v_var4, v_var5, v_var6) values ('Раздел', 'Раздел', 'Раздела', 'Разделу', 'Раздела', 'Разделом', 'Разделе');

/*
 * + FILE [issue_post.sql]
 */
insert into issue_post (id_post, ident, name, b_show, dt_publication) values (1, 'Issue1', 'Выпуск №1', 1, 1357070400);
insert into issue_post (id_post, ident, name, b_show, dt_publication) values (2, 'Issue2', 'Выпуск №2', 1, 1357761600);
insert into issue_post (id_post, ident, name, b_show, dt_publication) values (3, 'Issue3', 'Выпуск №3', 1, 1358625600);
insert into issue_post (id_post, ident, name, b_show, dt_publication) values (4, 'Issue4', 'Выпуск №4', 1, 1359489600);
insert into issue_post (id_post, ident, name, b_show, dt_publication) values (5, 'Issue5', 'Выпуск №5', 1, 1359662400);

/*
 * + FILE [blog_rubric.sql]
 */
insert into blog_rubric (name, ident, content, b_tpl) values ('Великие люди', 'famous', null, 1);
insert into blog_rubric (name, ident, content, b_tpl) values ('Спорт в жизни студента', 'sport', '<p>В данном разделе блога собраны все заметки, касающиеся спорта в жизни студента и здоровья в целом. Я не стал разносить данные темы по отдельным рубрикам, т.к. они (как Вы понимаете) крайне тесно связаны...</p><br />', 0);

/*
 * + FILE [blog_post.sql]
 */
insert into blog_post (id_rubric, name, ident, b_show, dt_publication, b_tpl, content, content_showcase) values ((select id_rubric from blog_rubric where ident='famous'), 'Пифагор Самосский', 'pifagor', 1, 1356984000, 1, null, null);
insert into blog_post (id_rubric, name, ident, b_show, dt_publication, b_tpl, content, content_showcase) values ((select id_rubric from blog_rubric where ident='famous'), 'Евклид', 'euclide', 1, 1357329600, 1, null, null);
insert into blog_post (id_rubric, name, ident, b_show, dt_publication, b_tpl, content, content_showcase) values ((select id_rubric from blog_rubric where ident='famous'), 'Архимед', 'arhimed', 1, 1357934400, 1, null, null);
insert into blog_post (id_rubric, name, ident, b_show, dt_publication, b_tpl, content, content_showcase) values ((select id_rubric from blog_rubric where ident='sport'), 'Турники - всё, что Вам нужно', 'BP_SP1_turniki', 1, 1357675200, 1, null, null);
insert into blog_post (id_rubric, name, ident, b_show, dt_publication, b_tpl, content, content_showcase) values ((select id_rubric from blog_rubric where ident='sport'), 'Как не посадить зрение', 'BP_SP2_zrenie', 1, 1361023500, 0, null, null);

/*
 * + FILE [train_rubric.sql]
 */
insert into train_rubric (name, content, ident, b_tpl) values ('Математика', null, 'math', 1);
insert into train_rubric (name, content, ident, b_tpl) values ('Физика', null, 'phys', 1);

/*
 * + FILE [train_post.sql]
 */
insert into train_post (id_rubric, name, ident, b_show, dt_publication, b_tpl, content, content_showcase) values ((select id_rubric from train_rubric where ident='math'), 'Тригонометрия. Введение.', 'trigonometry', 1, 1356984000, 1, null, null);
insert into train_post (id_rubric, name, ident, b_show, dt_publication, b_tpl, content, content_showcase) values ((select id_rubric from train_rubric where ident='math'), 'Тригонометрия. Тригонометрический круг.', 'trigonometry_krug', 1, 1357156800, 1, null, null);
insert into train_post (id_rubric, name, ident, b_show, dt_publication, b_tpl, content, content_showcase) values ((select id_rubric from train_rubric where ident='math'), 'Тригонометрия. Вывод формул.', 'trigonometry_formula', 1, 1357416000, 1, null, null);
insert into train_post (id_rubric, name, ident, b_show, dt_publication, b_tpl, content, content_showcase) values ((select id_rubric from train_rubric where ident='math'), 'Тест по тригонометрии.', 'trigonometry_testing', 1, 1357588800, 1, null, null);
insert into train_post (id_rubric, name, ident, b_show, dt_publication, b_tpl, content, content_showcase) values ((select id_rubric from train_rubric where ident='math'), 'Векторы', 'vectors', 1, 1357761600, 1, null, null);
insert into train_post (id_rubric, name, ident, b_show, dt_publication, b_tpl, content, content_showcase) values ((select id_rubric from train_rubric where ident='math'), 'Декартова система координат', 'dekart_system', 1, 1359489600, 1, null, null);
insert into train_post (id_rubric, name, ident, b_show, dt_publication, b_tpl, content, content_showcase) values ((select id_rubric from train_rubric where ident='phys'), 'Кинематика точки. Введение.', 'kinemtochki', 1, 1360008000, 1, null, null);
insert into train_post (id_rubric, name, ident, b_show, dt_publication, b_tpl, content, content_showcase) values ((select id_rubric from train_rubric where ident='phys'), 'Кинематика точки. Виды движений.', 'kinemtochki2', 1, 1360180800, 1, null, null);
insert into train_post (id_rubric, name, ident, b_show, dt_publication, b_tpl, content, content_showcase) values ((select id_rubric from train_rubric where ident='math'), 'Матрицы', 'matrix', 1, 1360872000, 1, null, null);
insert into train_post (id_rubric, name, ident, b_show, dt_publication, b_tpl, content, content_showcase) values ((select id_rubric from train_rubric where ident='phys'), 'Кинематика точки. Заключение', 'kinemtochki3', 0, 1390312200, 1, null, null);

/*
 * + FILE [ps_testing.sql]
 */
insert into ps_testing (id_testing, name, n_time) values (1, 'Тест по тригонометрии', 45);

/*
 * + FILE [ps_chess_knight.sql]
 */
insert into ps_chess_knight (v_solution, b_system) values ('11325172847688674827152331527183758768472816241233416281738577583718261422436456355466788674826142211325173857364463553446655345', 1);
insert into ps_chess_knight (v_solution, b_system) values ('58778573816241221426183756688775837152311224162847667886748261422113251738577688674827152311325172533446658463443655433554334564', 1);
insert into ps_chess_knight (v_solution, b_system) values ('81738577583718261422416283758768472816241231527163847688674827152311325172645635435536173857788674826142211325335466455334466544', 1);
insert into ps_chess_knight (v_solution, b_system) values ('81738577583718261422416283758768472816241231527163847688674827152311325172645635435536173857788674826142211325446546345345665433', 0);
insert into ps_chess_knight (v_solution, b_system) values ('83758768472816241231527163827486785738172513214261738162412214261837587785644351728476886748271523113253654634553644563554664533', 0);
insert into ps_chess_knight (v_solution, b_system) values ('18261422416281738577583716241231527183758768472836153453655745332113251738466788768472513211233527485644638261425466788674554364', 0);
insert into ps_chess_knight (v_solution, b_system) values ('18375877857381624122142638577886748261422113251736556371837587684728162412315264563543517284768867482746341523113244655345665433', 0);
insert into ps_chess_knight (v_solution, b_system) values ('88768472513211231527486786748261422113251738577866857381624122142618375877655334465433123152718375876847281624456443355644365563', 0);
insert into ps_chess_knight (v_solution, b_system) values ('81738577583718261422416283758768472816241231527163847688674827152311325172645635435536173857788674826142211325446553344654664533', 0);
insert into ps_chess_knight (v_solution, b_system) values ('11325172847688674827152331527183758768472816241233416281738577583718261422436456355466788674826142211325173857455365463455364463', 0);
insert into ps_chess_knight (v_solution, b_system) values ('11325172847688674827152331527183758768472816241233416281738577583718261422436456355466788674826142211325173857365563446546345345', 0);